"1","378","119","Darker Than Black","26","Completed",NULL,NULL,NULL,NULL,"0","2013-07-06 13:37:07","2013-07-06 13:37:07","48006"
"2","378","118","Darker Than Black Season 2",NULL,"Plan to watch",NULL,NULL,NULL,NULL,"0","2013-07-06 13:37:27","2013-07-06 13:37:27","48007"
"3","378","108","Elfen Lied","13","Completed",NULL,NULL,NULL,NULL,"0","2013-07-06 13:38:00","2013-07-06 13:38:00","48008"
"4","378","99","Fullmetal Alchemist","51","Completed",NULL,NULL,NULL,NULL,"0","2013-07-06 13:38:18","2013-07-06 13:38:18","48009"
"5","378","88","High School of The Dead","12","Completed",NULL,NULL,NULL,NULL,"0","2013-07-06 13:38:54","2013-07-06 13:38:54","48010"
"6","378","86","InuYasha","167","Completed",NULL,NULL,NULL,NULL,"0","2013-07-06 13:39:21","2013-07-06 13:39:21","48011"
"7","378","76","Kenichi Mightiest Disciple","50","Completed",NULL,NULL,NULL,NULL,"0","2013-07-06 13:39:56","2013-07-06 13:39:56","48012"
"8","378","38","Rave Master","51","Completed",NULL,NULL,"10",NULL,"0","2013-07-06 13:41:06","2013-07-06 13:41:06","48013"
"9","378","37","Rosario + Vampire","13","Completed",NULL,NULL,NULL,NULL,"0","2013-07-06 13:41:25","2013-07-06 13:41:25","48014"
"10","378","156","Rosario + Vampire Capu 2","13","Completed",NULL,NULL,NULL,NULL,"0","2013-07-06 13:41:43","2013-07-06 13:41:43","48015"
"11","378","1","Sekirei","12","Completed",NULL,NULL,NULL,NULL,"0","2013-07-06 13:42:34","2013-07-06 13:42:34","48016"
"12","378","208","Tokko",NULL,"Plan to watch",NULL,NULL,NULL,NULL,"0","2013-07-06 13:43:10","2013-07-06 13:43:10","48017"
"13","21","316","Danganronpa: Kibou no Gakuen to Zetsubou no Koukousei - The Animation","1","Watching ",NULL,NULL,NULL,NULL,"0","2013-07-06 16:52:04","2013-07-06 16:52:04","48164"
"14","21","310","Gifuu Doudou!!: Kanetsugu to Keiji","1","Watching ",NULL,NULL,NULL,NULL,"0","2013-07-06 16:53:31","2013-07-06 16:53:31","48165"
"15","21","170","Hunter X Hunter (2011)","86","Watching ",NULL,NULL,NULL,NULL,"0","2013-07-06 16:54:26","2013-07-06 16:54:26","48166"
"16","21","278","Mushibugyou","12","Watching ",NULL,NULL,NULL,NULL,"0","2013-07-06 16:55:55","2013-07-06 16:55:55","48167"
"17","21","255","Shingeki no Kyojin","25","Completed",NULL,NULL,NULL,NULL,"0","2013-07-06 17:04:23","2013-07-06 17:04:23","48168"
"18","21","309","Kamisama no Inai Nichiyoubi","1","Watching ",NULL,NULL,NULL,NULL,"0","2013-07-06 17:54:39","2013-07-06 17:54:39","48169"
"19","378","106","Fairy Tail","24","Watching ",NULL,NULL,NULL,NULL,"0","2013-07-07 00:53:15","2013-07-07 00:53:15","48250"
"20","371","326","Fate/kaleid liner Prisma☆Illya","1","Watching ",NULL,NULL,NULL,NULL,"0","2013-07-12 22:18:39","2013-07-12 22:18:39","49217"
"21","9","255","Shingeki no Kyojin","25","Completed",NULL,NULL,NULL,NULL,"0","2013-07-14 20:42:18","2013-07-14 20:42:18","49538"
"22","9","99","Fullmetal Alchemist","51","Completed",NULL,NULL,NULL,NULL,"0","2013-07-14 20:43:19","2013-07-14 20:43:19","49542"
"23","9","98","Fullmetal Alchemist: Brotherhood","64","Completed",NULL,NULL,NULL,NULL,"0","2013-07-14 20:43:47","2013-07-14 20:43:47","49543"
"24","9","92","Guilty Crown","22","Completed",NULL,NULL,NULL,NULL,"0","2013-07-14 20:44:10","2013-07-14 20:44:10","49544"
"25","9","206","Steins;Gate","24","Completed",NULL,NULL,NULL,NULL,"0","2013-07-14 20:44:34","2013-07-14 20:44:34","49545"
"26","9","56","Mirai Nikki","26","Completed",NULL,NULL,NULL,NULL,"0","2013-07-14 20:45:10","2013-07-14 20:45:10","49546"
"27","9","205","Sword Art Online","25","Completed",NULL,NULL,NULL,NULL,"0","2013-07-14 20:46:25","2013-07-14 20:46:25","49547"
"28","9","141","Ao No Exorcist","25","Completed",NULL,NULL,NULL,NULL,"0","2013-07-14 20:47:10","2013-07-14 20:47:10","49548"
"29","9","249","Robotics;Notes","22","Completed",NULL,NULL,NULL,NULL,"0","2013-07-14 20:47:46","2013-07-14 20:47:46","49549"
"30","9","119","Darker Than Black","26","Completed",NULL,NULL,NULL,NULL,"0","2013-07-14 20:49:07","2013-07-14 20:49:07","49550"
"31","9","343","Soul Eater","51","Completed",NULL,NULL,NULL,NULL,"0","2013-07-14 23:29:49","2013-07-14 23:29:49","49561"
"32","434","18","Tengen Toppa Gurren Lagann","1","Watching ",NULL,NULL,NULL,NULL,"0","2013-07-21 23:34:50","2013-07-21 23:34:50","50059"
"33","455","26","Shakugan no Shana","24","Completed",NULL,NULL,NULL,NULL,"0","2013-07-26 03:12:21","2013-07-26 03:12:21","50986"
"34","455","110","Durarara!!","25","Completed",NULL,NULL,NULL,NULL,"0","2013-07-26 03:13:08","2013-07-26 03:13:08","50987"
"35","455","16","The World God Only Knows","12","Completed",NULL,NULL,NULL,NULL,"0","2013-07-26 03:13:53","2013-07-26 03:13:53","50988"
"36","455","15","The World God Only Knows 2","12","Completed",NULL,NULL,NULL,NULL,"0","2013-07-26 03:14:23","2013-07-26 03:14:23","50989"
"37","455","119","Darker Than Black","26","Completed",NULL,NULL,NULL,NULL,"0","2013-07-26 03:15:30","2013-07-26 03:15:30","50990"
"38","455","122","Code Geass","25","Completed",NULL,NULL,NULL,NULL,"0","2013-07-26 03:15:59","2013-07-26 03:15:59","50991"
"39","455","121","Code Geass R2","25","Completed",NULL,NULL,NULL,NULL,"0","2013-07-26 03:16:43","2013-07-26 03:16:43","50992"
"40","455","106","Fairy Tail","49","Watching ",NULL,NULL,NULL,NULL,"0","2013-07-26 03:18:09","2013-07-26 03:18:09","50993"
"41","455","162","Angel Beats!","13","Completed",NULL,NULL,NULL,NULL,"0","2013-07-26 03:27:56","2013-07-26 03:27:56","51010"
"42","455","1","Sekirei","12","Completed",NULL,NULL,NULL,NULL,"0","2013-07-26 03:29:02","2013-07-26 03:29:02","51014"
"43","455","99","Fullmetal Alchemist","51","Completed",NULL,NULL,NULL,NULL,"0","2013-07-26 03:30:58","2013-07-26 03:30:58","51018"
"44","455","88","High School of The Dead","12","Completed",NULL,NULL,NULL,NULL,"0","2013-07-26 03:32:29","2013-07-26 03:32:29","51022"
"45","455","23","Sora no Otoshimono","13","Completed",NULL,NULL,NULL,NULL,"0","2013-07-26 03:36:54","2013-07-26 03:36:54","51025"
"46","455","22","Sora no Otoshimono: Forte","12","Completed",NULL,NULL,NULL,NULL,"0","2013-07-26 03:37:46","2013-07-26 03:37:46","51026"
"47","28","44","Needless",NULL,"Plan to watch",NULL,NULL,NULL,NULL,"0","2013-07-31 10:15:59","2013-07-31 10:15:59","53244"
"48","27","117","Deadman Wonderland","12","Completed",NULL,NULL,"6",NULL,"0","2013-07-31 18:03:36","2013-07-31 18:03:36","53367"
"49","24","92","Guilty Crown","22","Completed",NULL,NULL,NULL,NULL,"0","2013-08-02 06:38:25","2013-08-02 06:38:25","53903"
"50","24","254","Date A Live","12","Completed",NULL,NULL,NULL,NULL,"0","2013-08-02 06:39:18","2013-08-02 06:39:18","53904"
"51","14","353","Keroro Gunsou","358","Watching ",NULL,NULL,NULL,NULL,"0","2013-08-02 08:39:13","2013-08-02 08:39:13","53921"
"52","27","301","11eyes",NULL,"Plan to watch",NULL,NULL,NULL,NULL,"0","2013-08-04 15:07:01","2013-08-04 15:07:01","54530"
"53","27","255","Shingeki no Kyojin","25","Completed",NULL,NULL,"9",NULL,"0","2013-08-04 20:22:46","2013-08-04 20:22:46","54531"
"54","33","36","Rurouni Kenshin","15","Watching ",NULL,NULL,NULL,NULL,"0","2013-08-05 03:54:27","2013-08-05 03:54:27","54690"
"55","6","147",".hack// Legend of The Twilight Bracelet","12","Completed",NULL,NULL,"6","Awesome","0","2013-08-05 04:36:21","2013-08-05 04:36:21","54693"
"56","6","311","Blood Lad","5","Watching ",NULL,NULL,"6","Pretty freaking awesome!","0","2013-08-05 08:05:13","2013-08-05 08:05:13","54703"
"57","33","240","07-Ghost",NULL,"Plan to watch",NULL,NULL,NULL,NULL,"0","2013-08-07 07:29:44","2013-08-07 07:29:44","54807"
"58","3","122","Code Geass","25","Completed",NULL,NULL,"9","Best anime in my life ever!!","0","2013-08-07 11:17:29","2013-08-07 11:17:29","54826"
"59","3","121","Code Geass R2","25","Completed",NULL,NULL,"10",NULL,"0","2013-08-07 11:18:20","2013-08-07 11:18:20","54827"
"60","3","255","Shingeki no Kyojin","25","Completed",NULL,NULL,"10",NULL,"0","2013-08-07 11:21:14","2013-08-07 11:21:14","54828"
"61","3","75","Kimi ni Todoke","10","Dropped",NULL,NULL,"4","Anime drags a little. Not my type. ","0","2013-08-07 11:22:15","2013-08-07 11:22:15","54829"
"62","3","142","AnoHana","11","Completed",NULL,NULL,"8",NULL,"0","2013-08-07 11:26:01","2013-08-07 11:26:01","54830"
"63","3","162","Angel Beats!","13","Completed",NULL,NULL,"7",NULL,"0","2013-08-07 11:27:01","2013-08-07 11:27:01","54831"
"64","27","311","Blood Lad","7","Watching ",NULL,NULL,"8",NULL,"0","2013-08-07 11:30:19","2013-08-07 11:30:19","54832"
"65","3","10","Usagi Drop","11","Completed","Public",NULL,"10","Simply heart warming. :)","0","2013-08-07 12:53:09","2013-08-07 12:53:09","54836"
"66","14","9","Vampire Knight","13","Completed","Public",NULL,"8",NULL,"0","2013-08-08 03:26:05","2013-08-08 03:26:05","55200"
"67","14","8","Vampire Knight: Guilty","13","Completed","Public",NULL,"8",NULL,"0","2013-08-08 03:26:28","2013-08-08 03:26:28","55201"
"68","14","137","Avatar The Last Airbender: Book 3","21","Completed","Public",NULL,"6",NULL,"0","2013-08-08 03:27:53","2013-08-08 03:27:53","55202"
"69","14","151","Avatar: The Legend of Korra Book 1","12","Completed","Public",NULL,"6",NULL,"0","2013-08-08 03:28:04","2013-08-08 03:28:04","55203"
"70","14","139","Avatar The Last Airbender: Book 1","20","Completed","Public",NULL,"6",NULL,"0","2013-08-08 03:28:14","2013-08-08 03:28:14","55204"
"71","14","138","Avatar The Last Airbender: Book 2","20","Completed","Public",NULL,"6",NULL,"0","2013-08-08 03:28:20","2013-08-08 03:28:20","55205"
"72","7","137","Avatar The Last Airbender: Book 3","21","Completed","Public",NULL,"8",NULL,"0","2013-08-08 08:35:32","2013-08-08 08:35:32","55386"
"73","7","138","Avatar The Last Airbender: Book 2","20","Completed","Public",NULL,"8",NULL,"0","2013-08-08 08:37:24","2013-08-08 08:37:24","55393"
"74","7","139","Avatar The Last Airbender: Book 1","20","Completed","Public",NULL,"10",NULL,"0","2013-08-08 08:37:47","2013-08-08 08:37:47","55396"
"75","7","113","Dragon Ball","153","Completed","Public",NULL,"10",NULL,"0","2013-08-08 08:40:34","2013-08-08 08:40:34","55407"
"76","7","112","Dragon Ball Z","291","Completed","Public",NULL,"10",NULL,"0","2013-08-08 08:40:48","2013-08-08 08:40:48","55408"
"77","7","148","Digimon Adventure","54","Completed","Public",NULL,"7",NULL,"0","2013-08-08 08:42:02","2013-08-08 08:42:02","55409"
"78","7","157","Digimon Adventure 02","50","Completed","Public",NULL,"6",NULL,"0","2013-08-08 08:42:15","2013-08-08 08:42:15","55410"
"79","7","106","Fairy Tail","0","Watching ","Private",NULL,"10",NULL,"0","2013-08-08 08:44:05","2013-08-08 08:44:05","55412"
"80","7","99","Fullmetal Alchemist","51","Completed","Public",NULL,"8","Manga is better.","0","2013-08-08 08:44:32","2013-08-08 08:44:32","55414"
"81","7","98","Fullmetal Alchemist: Brotherhood","64","Completed","Public",NULL,"9",NULL,"0","2013-08-08 08:44:51","2013-08-08 08:44:51","55416"
"82","7","103","Fooly Cooly","6","Completed","Public",NULL,"10","Short but good.  Worth watching if you want to kill some time waiting for your regulars.","0","2013-08-08 08:45:43","2013-08-08 08:45:43","55417"
"83","7","51","Mobile Suit Gundam AGE","49","Completed","Public",NULL,"7","Won't ever top Gundam Wing. However, it is still good.","0","2013-08-08 08:49:48","2013-08-08 08:49:48","55427"
"84","7","61","Megaman NT Warrior","56","Completed","Public",NULL,"7","Watched as a child. Comparable to Yu-Gi-Oh! GX in my opinion.","0","2013-08-08 08:50:41","2013-08-08 08:50:41","55429"
"85","7","49","Mobile Suit Gundam Seed","50","Completed","Public",NULL,"6","Won't top Gundam Wing.","0","2013-08-08 08:51:55","2013-08-08 08:51:55","55430"
"86","7","45","Naruto","220","Completed","Public",NULL,"10","If you like Dragon Ball/Z then you will like this anime.","0","2013-08-08 08:53:08","2013-08-08 08:53:08","55433"
"87","7","46","Naruto Shippuden","345","Completed","Public",NULL,NULL,"There are many fillers in this anime, but it is still a favorite of mine.","0","2013-08-08 08:54:13","2013-08-08 08:54:13","55435"
"88","7","189","Pokemon! Indigo League","82","Completed","Public",NULL,"10","Classic. You can't beat it.","0","2013-08-08 08:56:24","2013-08-08 08:56:24","55440"
"89","7","164","Pokemon: Best Wishes!","0","Watching ","Public",NULL,"7","A bit off the original path of the anime.","0","2013-08-08 08:57:00","2013-08-08 08:57:00","55444"
"90","7","2","One Piece","0","Watching ","Public",NULL,"10"," If you watched the Dragon Ball series then the English voices will bother you.","0","2013-08-08 08:58:22","2013-08-08 08:58:22","55450"
"91","14","313","Brothers Conflict","5","Watching ","Public",NULL,"8",NULL,"0","2013-08-09 10:15:02","2013-08-09 10:15:02","55959"
"92","21","311","Blood Lad","5","Watching ","Public",NULL,"8",NULL,"0","2013-08-11 03:42:27","2013-08-11 03:42:27","57922"
"93","18","2","One Piece","626","Completed","Public",NULL,"10",NULL,"0","2013-08-11 05:27:57","2013-08-11 05:27:57","57939"
"94","18","99","Fullmetal Alchemist","51","Completed","Public",NULL,"8",NULL,"0","2013-08-11 05:29:06","2013-08-11 05:29:06","57940"
"95","18","98","Fullmetal Alchemist: Brotherhood","64","Completed","Public",NULL,"7",NULL,"0","2013-08-11 05:29:39","2013-08-11 05:29:39","57941"
"96","18","220","Wolf's Rain","26","Completed","Public",NULL,"8",NULL,"0","2013-08-11 05:30:27","2013-08-11 05:30:27","57942"
"97","18","116","Death Note","37","Completed","Public",NULL,"10","Just amazing. Pure thrill and intensity throughout the whole show.","0","2013-08-11 05:32:14","2013-08-11 05:32:14","57943"
"98","18","121","Code Geass R2","25","Completed","Public",NULL,"10","Another amazing anime. Great watch.","0","2013-08-11 05:32:40","2013-08-11 05:32:40","57944"
"99","18","122","Code Geass","25","Completed","Public",NULL,"10","Legit anime. Recommended to everyone.","0","2013-08-11 05:33:03","2013-12-29 01:48:07","57945"
"100","18","126","Bleach","366","Completed","Public",NULL,"9",NULL,"0","2013-08-11 05:33:44","2013-08-11 05:33:44","57946"
"101","18","45","Naruto","220","Completed","Public",NULL,"9",NULL,"0","2013-08-11 05:34:13","2013-08-11 05:34:13","57947"
"102","18","46","Naruto Shippuden","345","Completed","Public",NULL,"10",NULL,"0","2013-08-11 05:34:49","2013-08-11 05:34:49","57948"
"103","18","112","Dragon Ball Z","291","Completed","Public",NULL,"10","Old School amazing. This is where it all began for me.","0","2013-08-11 05:35:44","2013-08-11 05:35:44","57949"
"104","18","113","Dragon Ball","153","Completed","Public",NULL,"9",NULL,"0","2013-08-11 05:35:52","2013-08-11 05:35:52","57950"
"105","18","88","High School of The Dead","12","Completed","Public",NULL,"10","I LOVE ZOMBIES!!! lol","0","2013-08-11 05:36:49","2013-08-11 05:36:49","57951"
"106","18","151","Avatar: The Legend of Korra Book 1","12","Completed","Public",NULL,"8",NULL,"0","2013-08-11 05:37:45","2013-08-11 05:37:45","57952"
"107","18","138","Avatar The Last Airbender: Book 2","20","Completed","Public",NULL,"10",NULL,"0","2013-08-11 05:37:59","2013-08-11 05:37:59","57953"
"108","18","139","Avatar The Last Airbender: Book 1","20","Completed","Public",NULL,"10",NULL,"0","2013-08-11 05:38:06","2013-08-11 05:38:06","57954"
"109","18","137","Avatar The Last Airbender: Book 3","21","Completed","Public",NULL,"10",NULL,"0","2013-08-11 05:38:13","2013-08-11 05:38:13","57955"
"110","18","205","Sword Art Online","25","Completed","Public",NULL,"9",NULL,"0","2013-08-11 05:38:46","2013-08-11 05:38:46","57956"
"111","18","226","Sakurasou no Pet na Kanojo","24","Completed","Public",NULL,"7",NULL,"0","2013-08-11 05:39:38","2013-08-11 05:39:38","57957"
"112","18","34","Samurai Champloo","26","Completed","Public",NULL,"10",NULL,"0","2013-08-11 05:40:03","2013-08-11 05:40:03","57958"
"113","18","225","Amnesia","12","Completed","Public",NULL,"2","Only stars I gave were due to the good quality of the anime. Story line is too repetitive and boring","0","2013-08-11 05:41:42","2013-08-11 05:41:42","57959"
"114","18","106","Fairy Tail","134","Completed","Public",NULL,"7","Gets fairly repetitive. Might finish it later.","0","2013-08-11 05:42:55","2013-08-11 05:42:55","57960"
"115","18","92","Guilty Crown","22","Completed","Public",NULL,"9",NULL,"0","2013-08-11 16:18:55","2013-08-11 16:18:55","58457"
"116","25","106","Fairy Tail","95","Watching ","Public",NULL,"5",NULL,"0","2013-08-11 23:04:08","2013-08-11 23:04:08","58459"
"117","25","255","Shingeki no Kyojin","25","Completed","Public",NULL,"7",NULL,"0","2013-08-11 23:18:20","2013-08-11 23:18:20","58460"
"118","14","205","Sword Art Online","18","Dropped","Public",NULL,"4",NULL,"0","2013-08-12 07:34:01","2013-08-12 07:34:01","58489"
"119","3","313","Brothers Conflict","4","Watching ","Public",NULL,"6",NULL,"0","2013-08-13 04:55:58","2013-08-13 04:55:58","58555"
"120","583","221","Psycho - Pass","3","Watching","Public",NULL,NULL,NULL,"0","2013-08-13 07:11:32","2013-08-13 07:11:32","58557"
"121","12","289","Pretty Rhythm: Rainbow Live","26","Watching ","Public",NULL,"10","Happy-naru! So Kawaii! <3","0","2013-08-13 15:22:43","2013-08-13 15:22:43","58586"
"122","12","89","High School DxD","15","Watching ","Public",NULL,NULL,NULL,"0","2013-08-13 17:41:11","2013-08-13 17:41:11","58588"
"123","26","218","Claymore","26","Completed","Public",NULL,"4",NULL,"0","2013-08-14 19:27:52","2013-08-14 19:27:52","58622"
"124","14","89","High School DxD","6","Watching ","Public",NULL,"5",NULL,"0","2013-08-14 23:08:22","2013-08-14 23:08:22","58626"
"125","14","162","Angel Beats!","13","Completed","Public",NULL,"8",NULL,"0","2013-08-14 23:09:50","2013-08-14 23:09:50","58627"
"126","14","141","Ao No Exorcist","1","On hold","Public",NULL,"8",NULL,"0","2013-08-14 23:10:20","2013-08-14 23:10:20","58628"
"127","14","134","Baka to Test to Shoukanjuu","5","On hold","Public",NULL,"6",NULL,"0","2013-08-14 23:11:14","2013-08-14 23:11:14","58629"
"128","14","127","Black★Rock Shooter (TV)","8","Completed","Public",NULL,"10","I love this anime! <3","0","2013-08-14 23:11:57","2013-08-14 23:11:57","58630"
"129","14","126","Bleach","3","Watching ","Public",NULL,NULL,NULL,"0","2013-08-14 23:12:42","2013-08-14 23:12:42","58631"
"130","14","116","Death Note","37","Completed","Public",NULL,"10","One of the best anime's I've ever seen! :)","0","2013-08-14 23:14:17","2013-08-14 23:14:17","58632"
"131","14","117","Deadman Wonderland","6","Watching ","Public",NULL,"8",NULL,"0","2013-08-14 23:14:37","2013-08-14 23:14:37","58633"
"132","14","119","Darker Than Black","6","Watching ","Public",NULL,"8",NULL,"0","2013-08-14 23:14:53","2013-08-14 23:14:53","58634"
"133","14","227","Devil May Cry","12","Completed","Public",NULL,"9",NULL,"0","2013-08-14 23:15:01","2013-08-14 23:15:01","58635"
"134","14","113","Dragon Ball","153","Completed","Public",NULL,"5",NULL,"0","2013-08-14 23:15:13","2013-08-14 23:15:13","58636"
"135","14","112","Dragon Ball Z","291","Completed","Public",NULL,"5",NULL,"0","2013-08-14 23:15:20","2013-08-14 23:15:20","58637"
"136","14","108","Elfen Lied","6","Dropped","Public",NULL,"1",NULL,"0","2013-08-14 23:16:09","2013-08-14 23:16:09","58638"
"137","14","105","Fate / Stay Night","5","Watching ","Public",NULL,"6",NULL,"0","2013-08-14 23:16:38","2013-08-14 23:16:38","58639"
"138","14","106","Fairy Tail","52","On hold","Public",NULL,"5",NULL,"0","2013-08-14 23:16:53","2013-08-14 23:16:53","58640"
"139","14","100","Fruits Basket","26","Completed","Public",NULL,"5",NULL,"0","2013-08-14 23:17:33","2013-08-14 23:17:33","58642"
"140","14","99","Fullmetal Alchemist","51","Completed","Public",NULL,"5",NULL,"0","2013-08-14 23:17:39","2013-08-14 23:17:39","58643"
"141","14","88","High School of The Dead","7","Watching ","Public",NULL,"6",NULL,"0","2013-08-14 23:18:39","2013-08-14 23:18:39","58644"
"142","14","86","InuYasha","167","Completed","Public",NULL,"7",NULL,"0","2013-08-14 23:19:09","2013-08-14 23:19:09","58645"
"143","14","328","Makai Ouji: Devils and Realist","2","Watching ","Public",NULL,"5",NULL,"0","2013-08-14 23:20:26","2013-08-14 23:20:26","58646"
"144","14","41","Ouran High School Host Club","26","Completed","Public",NULL,"8","Cutest thing ever! XD","0","2013-08-14 23:21:31","2013-08-14 23:21:31","58647"
"145","14","189","Pokemon! Season 01: Indigo League","82","Completed","Public",NULL,"7",NULL,"0","2013-08-14 23:22:33","2013-08-14 23:22:33","58649"
"146","14","362","Pokemon! Season 02: Adventures on the Orange Islands","36","Completed","Public",NULL,"7",NULL,"0","2013-08-14 23:22:55","2013-08-14 23:22:55","58650"
"147","14","363","Pokemon! Season 03: The Johto Journeys","41","Completed","Public",NULL,"7",NULL,"0","2013-08-14 23:22:56","2013-08-14 23:22:56","58651"
"148","14","364","Pokemon! Season 04: Johto League Champions","52","Completed","Public",NULL,"7",NULL,"0","2013-08-14 23:23:01","2013-08-14 23:23:01","58652"
"149","14","365","Pokemon! Season 05: Master Quest","65","Completed","Public",NULL,"6",NULL,"0","2013-08-14 23:23:53","2013-08-14 23:23:53","58653"
"150","14","366","Pokemon! Season 06: Advanced","40","Completed","Public",NULL,"6",NULL,"0","2013-08-14 23:24:04","2013-08-14 23:24:04","58654"
"151","14","367","Pokemon! Season 07: Advanced Challenge","52","Completed","Public",NULL,"6",NULL,"0","2013-08-14 23:24:16","2013-08-14 23:24:16","58655"
"152","14","368","Pokemon! Season 08: Advanced Battle","53","Completed","Public",NULL,"6",NULL,"0","2013-08-14 23:24:25","2013-08-14 23:24:25","58656"
"153","14","369","Pokemon! Season 09: Battle Frontier","46","Completed","Public",NULL,"6",NULL,"0","2013-08-14 23:24:32","2013-08-14 23:24:32","58657"
"154","14","370","Pokemon! Season 10: Diamond and Pearl ","52","Completed","Public",NULL,"7",NULL,"0","2013-08-14 23:24:44","2013-08-14 23:24:44","58658"
"155","14","371","Pokemon! Season 11: Battle Dimension","52","Completed","Public",NULL,"6",NULL,"0","2013-08-14 23:25:27","2013-08-14 23:25:27","58659"
"156","14","372","Pokemon! Season 12: Galactic Battles","52","Completed","Public",NULL,"6",NULL,"0","2013-08-14 23:25:32","2013-08-14 23:25:32","58660"
"157","14","373","Pokemon! Season 13: Sinnoh League Victors ","34","Completed","Public",NULL,"6",NULL,"0","2013-08-14 23:25:43","2013-08-14 23:25:43","58661"
"158","14","374","Pokemon! Season 14: Black & White","48","Completed","Public",NULL,"6",NULL,"0","2013-08-14 23:25:50","2013-08-14 23:25:50","58662"
"159","14","375","Pokemon! Season 15: Black and White Rival Destinies ","49","Completed","Public",NULL,"6",NULL,"0","2013-08-14 23:26:07","2013-08-14 23:26:07","58663"
"160","14","164","Pokemon: Best Wishes!","84","Completed","Public",NULL,"6",NULL,"0","2013-08-14 23:26:30","2013-08-14 23:26:30","58664"
"161","14","361","Pokemon: Best Wishes! Season 2","24","Completed","Public",NULL,"6",NULL,"0","2013-08-14 23:26:37","2013-08-14 23:26:37","58665"
"162","14","230","Queen's Blade: Gyokuza wo Tsugu Mono","12","Completed","Public",NULL,"6",NULL,"0","2013-08-14 23:27:26","2013-08-14 23:27:26","58666"
"163","14","229","Queen's Blade: Rurou no Senshi","12","Completed","Public",NULL,"6",NULL,"0","2013-08-14 23:27:34","2013-08-14 23:27:34","58667"
"164","14","37","Rosario + Vampire","13","Completed","Public",NULL,"7",NULL,"0","2013-08-14 23:27:57","2013-08-14 23:27:57","58668"
"165","14","156","Rosario + Vampire Capu 2","13","Completed","Public",NULL,"7",NULL,"0","2013-08-14 23:28:10","2013-08-14 23:28:10","58669"
"166","14","304","Spice and Wolf","13","Completed","Public",NULL,"6",NULL,"0","2013-08-14 23:29:06","2013-08-14 23:29:06","58670"
"167","14","262","School Days","2","Dropped","Public",NULL,"2",NULL,"0","2013-08-14 23:29:21","2013-08-14 23:29:21","58671"
"168","14","255","Shingeki no Kyojin","25","Completed","Public",NULL,"7",NULL,"0","2013-08-14 23:29:54","2013-08-14 23:29:54","58672"
"169","14","220","Wolf's Rain","26","Completed","Public",NULL,"10",NULL,"0","2013-08-14 23:31:25","2013-08-14 23:31:25","58673"
"170","31","360","Kokoro Connect","13","Completed","Public",NULL,"10",NULL,"0","2013-08-15 00:46:10","2013-08-15 00:46:10","58719"
"171","27","328","Makai Ouji: Devils and Realist",NULL,"Plan to watch","Public",NULL,NULL,NULL,"0","2013-08-15 19:13:45","2013-08-15 19:13:45","58741"
"172","18","255","Shingeki no Kyojin","25","Completed","Public",NULL,"9",NULL,"0","2013-08-15 19:57:43","2013-08-15 19:57:43","58742"
"173","27","56","Mirai Nikki","8","Watching","Public",NULL,NULL,NULL,"0","2013-08-16 18:04:50","2013-08-16 18:04:50","58779"
"174","27","180","Tasogare Otome x Amnesia","12","Completed","Public",NULL,"8",NULL,"0","2013-08-16 18:27:33","2013-08-16 18:27:33","58780"
"175","24","162","Angel Beats!","13","Completed","Public",NULL,"10",NULL,"0","2013-08-17 15:48:41","2013-08-17 15:48:41","58845"
"176","24","142","AnoHana","11","Completed","Public",NULL,"10",NULL,"0","2013-08-17 15:49:05","2013-08-17 15:49:05","58846"
"177","24","42","Ore no Imouto ga Konnani Kawaii Wake ga Nai","12","Completed","Public",NULL,"7",NULL,"0","2013-08-17 15:49:40","2013-08-17 15:49:40","58847"
"178","24","260","Ore no Imouto ga Konnani Kawaii Wake ga Nai Season 2","13","Completed","Public",NULL,"9",NULL,"0","2013-08-17 15:50:16","2013-08-17 15:50:16","58848"
"179","24","238","Ore no Kanojo to Osananajimi ga Shuraba Sugiru","13","Completed","Public",NULL,"9",NULL,"0","2013-08-17 15:51:11","2013-08-17 15:51:11","58849"
"180","24","62","Mayo Chiki!","13","Completed","Public",NULL,"9",NULL,"0","2013-08-17 15:51:33","2013-08-17 15:51:33","58850"
"181","24","256","Suisei no Gargantia","13","Completed","Public",NULL,"8",NULL,"0","2013-08-17 15:52:11","2013-08-17 15:52:11","58851"
"182","24","259","IS: Infinite Stratos","12","Completed","Public",NULL,"9",NULL,"0","2013-08-17 15:53:30","2013-08-17 15:53:30","58852"
"183","24","290","Haiyore! Nyaruko-san","12","Completed","Public",NULL,"9",NULL,"0","2013-08-17 15:56:25","2013-08-17 15:56:25","58853"
"184","24","257","Hataraku Maou-sama!","13","Completed","Public",NULL,"9",NULL,"0","2013-08-17 15:56:48","2013-08-17 15:56:48","58854"
"185","24","275","Hentai Ouji to Warawanai Neko.","12","Completed","Public",NULL,"9",NULL,"0","2013-08-17 15:58:14","2013-08-17 15:58:14","58856"
"186","24","99","Fullmetal Alchemist","51","Completed","Public",NULL,"9",NULL,"0","2013-08-17 15:58:46","2013-08-17 15:58:46","58857"
"187","24","228","Boku wa Tomodachi ga Sukunai NEXT","12","Completed","Public",NULL,"10",NULL,"0","2013-08-17 15:59:18","2013-08-17 15:59:18","58858"
"188","24","205","Sword Art Online","25","Completed","Public",NULL,"9",NULL,"0","2013-08-17 16:00:19","2013-08-17 16:00:19","58859"
"189","24","198","Toaru Majutsu no Index","24","Completed","Public",NULL,"9",NULL,"0","2013-08-17 16:01:07","2013-08-17 16:01:07","58860"
"190","24","349","Toaru Majutsu no Index II","24","Completed","Public",NULL,"9",NULL,"0","2013-08-17 16:01:32","2013-08-17 16:01:32","58861"
"191","24","45","Naruto","220","Completed","Public",NULL,"9",NULL,"0","2013-08-17 16:02:32","2013-08-17 16:02:32","58862"
"192","24","126","Bleach","270","Dropped","Public",NULL,"8",NULL,"0","2013-08-17 16:03:25","2013-08-17 16:03:25","58863"
"193","24","46","Naruto Shippuden","345","Completed","Public",NULL,"7",NULL,"0","2013-08-17 16:04:17","2013-08-17 16:04:17","58864"
"194","24","343","Soul Eater","51","Completed","Public",NULL,"8",NULL,"0","2013-08-17 16:04:54","2013-08-17 16:04:54","58865"
"195","24","388","Chuunibyou Demo Koi ga Shitai","24","Completed","Public",NULL,"9",NULL,"0","2013-08-17 17:56:59","2013-08-17 17:56:59","58930"
"196","26","45","Naruto","220","Completed","Public",NULL,"7",NULL,"0","2013-08-17 21:24:58","2013-08-17 21:24:58","59019"
"197","26","141","Ao No Exorcist","25","Completed","Public",NULL,"4",NULL,"0","2013-08-17 21:27:00","2013-08-17 21:27:00","59020"
"198","26","205","Sword Art Online","25","Completed","Public",NULL,"9",NULL,"0","2013-08-17 21:27:55","2013-08-17 21:27:55","59021"
"199","4","340","Genshiken Nidaime","9","Watching","Public",NULL,"7",NULL,"0","2013-08-18 01:40:26","2013-08-18 01:40:26","59063"
"200","4","45","Naruto","220","Completed","Public",NULL,"10",NULL,"0","2013-08-18 03:08:42","2013-08-18 03:08:42","59067"
"201","27","391","Pandora Hearts","25","Completed","Public",NULL,"8","no season 2, have to continue with the manga.","0","2013-08-18 18:46:19","2013-08-18 18:46:19","59213"
"202","18","299","Kingdom 2","39","Completed","Public",NULL,"9",NULL,"0","2013-08-19 00:41:56","2013-08-19 00:41:56","59221"
"203","18","298","Kingdom","38","Completed","Public",NULL,"7",NULL,"0","2013-08-19 00:42:25","2013-08-19 00:42:25","59222"
"204","27","205","Sword Art Online",NULL,"Plan to watch","Public",NULL,NULL,NULL,"0","2013-08-19 10:03:18","2013-08-19 10:03:18","59247"
"205","14","391","Pandora Hearts","25","Completed","Public",NULL,"10",NULL,"0","2013-08-20 22:05:24","2013-08-20 22:05:24","59514"
"206","3","194","Bakuman","25","Completed","Public",NULL,"9","One Awesome Anime.","0","2013-08-24 17:12:19","2013-08-24 17:12:19","59815"
"207","3","165","Sankarea","12","Completed","Public",NULL,"8",NULL,"0","2013-08-24 17:15:17","2013-08-24 17:15:17","59816"
"208","3","55","Mitsudomoe","13","Completed","Public",NULL,"10","I can never get bored of this ^^","0","2013-08-24 17:21:20","2013-08-24 17:21:20","59817"
"209","14","399","Kaleido Star","51","Completed","Public",NULL,"7",NULL,"0","2013-08-24 20:03:36","2013-08-24 20:03:36","59823"
"210","11","203","Rinne no Lagrange Season 2","12","Completed","Public",NULL,"10","PERFECT!","0","2013-08-26 05:32:24","2013-08-26 05:32:24","59945"
"211","11","328","Makai Ouji: Devils and Realist","10","Watching ","Public",NULL,"8",NULL,"0","2013-08-28 04:33:46","2013-08-28 04:33:46","60006"
"212","49","42616","Evangelion: 3.0 You Can (Not) Redo",NULL,"Plan to watch","Public",NULL,NULL,NULL,"0","2013-08-29 09:47:32","2013-08-29 09:47:32","60017"
"213","49","108","Elfen Lied","13","Completed","Public",NULL,"9",NULL,"0","2013-08-29 09:57:10","2013-08-29 09:57:10","60018"
"214","49","140","Aoi Bungaku Series",NULL,"Plan to watch","Public",NULL,NULL,"I love series like these. Short, and strong. I can't wait until I have some free time to watch this!","0","2013-08-29 10:00:10","2013-08-29 10:00:10","60019"
"215","49","84","Jigoku Shoujo","4","Dropped","Public",NULL,"6",NULL,"0","2013-08-29 10:03:16","2013-08-29 10:03:16","60020"
"216","49","205","Sword Art Online","25","Completed","Public",NULL,"9",NULL,"0","2013-08-29 10:05:18","2013-08-29 10:05:18","60021"
"217","50","212","Hellsing",NULL,"Plan to watch","Public",NULL,NULL,NULL,"0","2013-08-29 17:19:15","2013-08-29 17:19:15","60089"
"218","50","205","Sword Art Online",NULL,"Plan to watch","Public",NULL,NULL,NULL,"0","2013-08-29 17:19:57","2013-08-29 17:19:57","60090"
"219","50","27","Serial Experiment Lain",NULL,"Plan to watch","Public",NULL,NULL,NULL,"0","2013-08-29 17:22:11","2013-08-29 17:22:11","60092"
"220","50","107","Eureka Seven","50","Completed","Public",NULL,"8",NULL,"0","2013-08-29 17:24:07","2013-08-29 17:24:07","60096"
"221","50","139","Avatar The Last Airbender: Book 1","20","Completed","Public",NULL,"7",NULL,"0","2013-08-29 17:24:24","2013-08-29 17:24:24","60097"
"222","50","138","Avatar The Last Airbender: Book 2","20","Completed","Public",NULL,"7",NULL,"0","2013-08-29 17:24:30","2013-08-29 17:24:30","60098"
"223","50","137","Avatar The Last Airbender: Book 3","21","Completed","Public",NULL,"7",NULL,"0","2013-08-29 17:24:54","2013-08-29 17:24:54","60100"
"224","50","151","Avatar: The Legend of Korra Book 1",NULL,"Plan to watch","Public",NULL,NULL,NULL,"0","2013-08-29 17:24:59","2013-08-29 17:24:59","60101"
"225","50","390","Avatar: The Legend of Korra Book 2",NULL,"Plan to watch","Public",NULL,NULL,NULL,"0","2013-08-29 17:25:05","2013-08-29 17:25:05","60103"
"226","50","224","Blood+",NULL,"Plan to watch","Public",NULL,NULL,NULL,"0","2013-08-29 17:26:54","2013-08-29 17:26:54","60108"
"227","50","378","Cowboy Bebop",NULL,"Plan to watch","Public",NULL,NULL,NULL,"0","2013-08-29 17:27:19","2013-08-29 17:27:19","60111"
"228","50","218","Claymore",NULL,"Plan to watch","Public",NULL,NULL,NULL,"0","2013-08-29 17:27:24","2013-08-29 17:27:24","60112"
"229","50","122","Code Geass",NULL,"Plan to watch","Public",NULL,NULL,NULL,"0","2013-08-29 17:27:43","2013-08-29 17:27:43","60113"
"230","50","121","Code Geass R2",NULL,"Plan to watch","Public",NULL,NULL,NULL,"0","2013-08-29 17:27:47","2013-08-29 17:27:47","60114"
"231","50","116","Death Note","37","Completed","Public",NULL,"9",NULL,"0","2013-08-29 17:28:21","2013-08-29 17:28:21","60117"
"232","50","113","Dragon Ball","153","Completed","Public",NULL,"9",NULL,"0","2013-08-29 17:28:28","2013-08-29 17:28:28","60118"
"233","50","112","Dragon Ball Z","291","Completed","Public",NULL,"9",NULL,"0","2013-08-29 17:28:35","2013-08-29 17:28:35","60119"
"234","50","293","Ergo Proxy",NULL,"Plan to watch","Public",NULL,NULL,NULL,"0","2013-08-29 17:28:53","2013-08-29 17:28:53","60120"
"235","50","99","Fullmetal Alchemist","51","Completed","Public",NULL,"9",NULL,"0","2013-08-29 17:29:20","2013-08-29 17:29:20","60121"
"236","50","98","Fullmetal Alchemist: Brotherhood","64","Completed","Public",NULL,"9",NULL,"0","2013-08-29 17:29:28","2013-08-29 17:29:28","60122"
"237","50","61","Megaman NT Warrior","56","Completed","Private",NULL,"6",NULL,"0","2013-08-29 17:32:00","2013-08-29 17:32:00","60123"
"238","50","53","Mobile Suit Gundam 00","25","Completed","Private",NULL,"6",NULL,"0","2013-08-29 17:32:07","2013-08-29 17:32:07","60124"
"239","50","52","Mobile Suit Gundam 00 Season 2","25","Completed","Private",NULL,"5",NULL,"0","2013-08-29 17:32:16","2013-08-29 17:32:16","60125"
"240","50","51","Mobile Suit Gundam AGE","49","Completed","Private",NULL,"5",NULL,"0","2013-08-29 17:32:22","2013-08-29 17:32:22","60126"
"241","50","49","Mobile Suit Gundam Seed","50","Completed","Private",NULL,"5",NULL,"0","2013-08-29 17:32:30","2013-08-29 17:32:30","60127"
"242","50","50","Mobile Suit Gundam Seed Destiny","50","Completed","Private",NULL,"7",NULL,"0","2013-08-29 17:32:42","2013-08-29 17:32:42","60128"
"243","50","45","Naruto","220","Completed","Private",NULL,"9",NULL,"0","2013-08-29 17:33:50","2013-08-29 17:33:50","60129"
"244","50","2","One Piece","626","Completed","Private",NULL,"7",NULL,"0","2013-08-29 17:33:56","2013-08-29 17:33:56","60130"
"245","50","230","Queen's Blade: Gyokuza wo Tsugu Mono",NULL,"Plan to watch","Public",NULL,NULL,NULL,"0","2013-08-29 17:34:03","2013-08-29 17:34:03","60131"
"246","50","229","Queen's Blade: Rurou no Senshi",NULL,"Plan to watch","Public",NULL,NULL,NULL,"0","2013-08-29 17:34:07","2013-08-29 17:34:07","60132"
"247","50","250","Samurai 7","26","Completed","Private",NULL,"9",NULL,"0","2013-08-29 17:34:39","2013-08-29 17:34:39","60133"
"248","50","34","Samurai Champloo","26","Completed","Private",NULL,"9",NULL,"0","2013-08-29 17:34:47","2013-08-29 17:34:47","60134"
"249","49","403","Ai no Kusabi (2012)","4","Completed","Public",NULL,"6",NULL,"0","2013-08-29 22:01:38","2013-08-29 22:01:38","60262"
"250","49","404","Tight-rope","2","Completed","Public",NULL,"7",NULL,"0","2013-08-29 22:02:46","2013-08-29 22:02:46","60263"
"251","49","402","Junjou Romantica (OVA)","1","Completed","Public",NULL,"9",NULL,"0","2013-08-29 22:15:26","2013-08-29 22:15:26","60264"
"252","599","99","Fullmetal Alchemist","51","Completed","Public",NULL,"7",NULL,"0","2013-08-30 13:58:25","2013-08-30 13:58:25","60386"
"253","599","98","Fullmetal Alchemist: Brotherhood","64","Completed","Public",NULL,"7",NULL,"0","2013-08-30 13:58:34","2013-08-30 13:58:34","60387"
"254","599","113","Dragon Ball","153","Completed","Public",NULL,"8",NULL,"0","2013-08-30 13:59:28","2013-08-30 13:59:28","60388"
"255","599","112","Dragon Ball Z","291","Completed","Public",NULL,"9",NULL,"0","2013-08-30 13:59:35","2013-08-30 13:59:35","60389"
"256","50","60352","Akira ",NULL,"Plan to watch","Public",NULL,NULL,NULL,"0","2013-08-30 16:21:52","2013-08-30 16:21:52","60428"
"257","50","60356","Ninja Scroll",NULL,"Plan to watch","Public",NULL,NULL,NULL,"0","2013-08-30 16:21:58","2013-08-30 16:21:58","60429"
"258","50","408","Black Lion",NULL,"Plan to watch","Public",NULL,NULL,NULL,"0","2013-08-30 16:22:02","2013-08-30 16:22:02","60430"
"259","50","407","Berserk",NULL,"Plan to watch","Public",NULL,NULL,NULL,"0","2013-08-30 16:22:09","2013-08-30 16:22:09","60431"
"260","49","405","Fake",NULL,"Plan to watch","Public",NULL,NULL,NULL,"0","2013-08-30 20:05:12","2013-08-30 20:05:12","60432"
"261","49","142","AnoHana","11","Completed","Public",NULL,"10","I literally cried in this. Amazing!","0","2013-08-31 16:50:57","2013-08-31 16:50:57","60524"
"262","3","314","Free!",NULL,"Dropped","Public",NULL,NULL,NULL,"0","2013-09-01 04:06:22","2013-09-01 04:06:22","60562"
"263","14","314","Free!","2","Watching ","Public",NULL,"7",NULL,"0","2013-09-01 20:12:20","2013-09-01 20:12:20","60589"
"264","49","314","Free!","2","Dropped","Public",NULL,"7",NULL,"0","2013-09-02 10:38:20","2013-09-02 10:38:20","60669"
"265","49","191","Welcome To The NHK",NULL,"Plan to watch","Public",NULL,NULL,NULL,"0","2013-09-04 12:36:50","2013-09-04 12:36:50","60712"
"266","49","293","Ergo Proxy",NULL,"Plan to watch","Public",NULL,NULL,NULL,"0","2013-09-04 12:38:46","2013-09-04 12:38:46","60713"
"267","49","27","Serial Experiment Lain","7","Dropped","Public",NULL,"5",NULL,"0","2013-09-04 12:39:59","2013-09-04 12:39:59","60714"
"268","27","318","Rozen Maiden (2013)",NULL,"Plan to watch","Public",NULL,NULL,NULL,"0","2013-09-07 10:35:21","2013-09-07 10:35:21","60860"
"269","3","311","Blood Lad","5","Watching ","Public",NULL,"7","It's pretty interesting :)","0","2013-09-08 23:38:16","2013-09-08 23:38:16","60970"
"270","49","210","Gantz","4","Dropped","Public",NULL,NULL,NULL,"0","2013-09-10 03:08:37","2013-09-10 03:08:37","61027"
"271","49","247","Mahou Shoujo Madoka★Magica","12","Completed","Public",NULL,"7",NULL,"0","2013-09-10 03:10:00","2013-09-10 03:10:00","61028"
"272","11","383","IS: Infinite Stratos 2","11","Watching","Public",NULL,"8",NULL,"0","2013-09-13 19:03:21","2013-09-13 19:03:21","62043"
"273","3","390","Avatar: The Legend of Korra Book 2","9","Watching","Public",NULL,"8",NULL,"0","2013-09-14 04:54:15","2013-09-14 04:54:15","62080"
"274","14","390","Avatar: The Legend of Korra Book 2","14","Completed","Public",NULL,"10",NULL,"0","2013-09-15 01:31:10","2013-09-15 01:31:10","62137"
"275","3","412","Diabolik Lovers",NULL,"Plan to watch","Public",NULL,NULL,NULL,"0","2013-09-17 00:40:56","2013-09-17 00:40:56","62313"
"276","54","140","Aoi Bungaku Series",NULL,"Plan to watch","Public",NULL,NULL,"Is it just me or does the main character looks a lot like Light from Death Note? o,o","0","2013-09-17 23:39:53","2013-09-17 23:39:53","62317"
"277","54","213","Monster",NULL,"Plan to watch","Public",NULL,NULL,NULL,"0","2013-09-17 23:44:21","2013-09-17 23:44:21","62318"
"278","54","247","Mahou Shoujo Madoka★Magica","12","Completed","Public",NULL,"9",NULL,"0","2013-09-18 11:27:05","2013-09-18 11:27:05","62319"
"279","54","149","Another","12","Completed","Public",NULL,"7",NULL,"0","2013-09-18 11:29:59","2013-09-18 11:29:59","62320"
"280","48","390","Avatar: The Legend of Korra Book 2","2","Watching ","Public",NULL,"8","The art got stranger xD","0","2013-09-18 20:39:22","2013-09-18 20:39:22","62321"
"281","26","116","Death Note","37","Completed","Public",NULL,"10",NULL,"0","2013-09-20 19:01:32","2013-09-20 19:01:32","62415"
"282","14","412","Diabolik Lovers","3","Watching ","Public",NULL,NULL,NULL,"0","2013-09-20 21:20:26","2013-09-20 21:20:26","62416"
"283","49","151","Avatar: The Legend of Korra Book 1",NULL,"Plan to watch","Public",NULL,NULL,NULL,"0","2013-09-22 06:39:59","2013-09-22 06:39:59","62448"
"284","49","116","Death Note","37","Completed","Public",NULL,"9",NULL,"0","2013-09-25 04:32:59","2013-09-25 04:32:59","62623"
"285","55","255","Shingeki no Kyojin","25","Completed","Public",NULL,"10",NULL,"0","2013-09-29 06:05:27","2013-09-29 06:05:27","62773"
"286","9","2","One Piece","526","Watching ","Public",NULL,NULL,NULL,"0","2013-10-04 13:22:55","2013-10-04 13:22:55","63071"
"287","22","377","Accel World","24","Completed","Public",NULL,"10","Amazing Anime, loved it all the way through<3","0","2013-10-04 21:31:12","2013-10-04 21:31:12","63082"
"288","14","422","Ookami Kodomo no Ame to Yuki","1","Completed","Public",NULL,NULL,NULL,"0","2013-10-05 18:47:29","2013-10-05 18:47:29","63091"
"289","3","434","White Album 2","1","Watching ","Public",NULL,NULL,NULL,"0","2013-10-06 09:23:17","2013-10-06 09:23:17","63539"
"290","12","35","Saki",NULL,"Plan to watch","Public",NULL,NULL,NULL,"0","2013-10-09 20:08:06","2013-10-09 20:08:06","63711"
"291","12","226","Sakurasou no Pet na Kanojo",NULL,"Plan to watch","Public",NULL,NULL,NULL,"0","2013-10-09 20:10:19","2013-10-09 20:10:19","63712"
"292","12","165","Sankarea",NULL,"Plan to watch","Public",NULL,NULL,NULL,"0","2013-10-09 20:11:07","2013-10-09 20:11:07","63713"
"293","12","262","School Days",NULL,"Plan to watch","Public",NULL,NULL,NULL,"0","2013-10-09 20:11:19","2013-10-09 20:11:19","63714"
"294","12","32","School Rumble",NULL,"Plan to watch","Public",NULL,NULL,NULL,"0","2013-10-09 20:11:33","2013-10-09 20:11:33","63715"
"295","12","30","Seitokai no Ichizon",NULL,"Plan to watch","Public",NULL,NULL,NULL,"0","2013-10-09 20:11:49","2013-10-09 20:11:49","63716"
"296","12","23","Sora no Otoshimono",NULL,"Plan to watch","Public",NULL,NULL,NULL,"0","2013-10-09 20:12:01","2013-10-09 20:12:01","63717"
"297","12","295","Sparrow's Hotel",NULL,"Plan to watch","Public",NULL,NULL,NULL,"0","2013-10-09 20:12:13","2013-10-09 20:12:13","63718"
"298","12","411","Super Seisyun Brothers",NULL,"Plan to watch","Public",NULL,NULL,NULL,"0","2013-10-09 20:12:23","2013-10-09 20:12:23","63719"
"299","14","445","Suzumiya Haruhi no Shoushitsu",NULL,"Plan to watch","Public",NULL,NULL,NULL,"0","2013-10-11 14:42:09","2013-10-11 14:42:09","63978"
"300","14","427","Golden Time","4","Watching ","Public",NULL,"8",NULL,"0","2013-10-12 23:26:55","2013-10-12 23:26:55","64036"
"301","14","429","Yuusha ni Narenakatta Ore wa Shibushibu Shuushoku wo Ketsui Shimashita","1","Watching ","Public",NULL,"8",NULL,"0","2013-10-12 23:52:44","2013-10-12 23:52:44","64037"
"302","49","431","Outbreak Company",NULL,"Plan to watch","Public",NULL,NULL,NULL,"0","2013-10-13 06:41:14","2013-10-13 06:41:14","64049"
"303","21","435","Machine-Doll wa Kizutsukanai","11","Watching ","Public",NULL,NULL,NULL,"0","2013-10-14 02:40:25","2013-10-14 02:40:25","64052"
"304","14","423","Coppelion ","2","Watching ","Public",NULL,"9",NULL,"0","2013-10-15 00:03:36","2013-10-15 00:03:36","64088"
"305","14","386","Miss Monochrome","2","Watching ","Public",NULL,"8",NULL,"0","2013-10-15 20:52:41","2013-10-15 20:52:41","64095"
"306","14","382","Tokyo Ravens","12","Watching","Public",NULL,"8",NULL,"0","2013-10-15 20:59:59","2013-10-15 20:59:59","64096"
"307","58","123","Clannad","23","Completed","Public",NULL,"9",NULL,"0","2013-10-16 15:54:53","2013-10-16 15:54:53","64179"
"308","58","124","Clannad After Story","24","Completed","Public",NULL,"9",NULL,"0","2013-10-16 15:55:17","2013-10-16 15:55:17","64180"
"309","58","117","Deadman Wonderland","12","Completed","Public",NULL,"4",NULL,"0","2013-10-16 15:56:45","2013-10-16 15:56:45","64181"
"310","58","116","Death Note","37","Completed","Public",NULL,"8",NULL,"0","2013-10-16 15:57:06","2013-10-16 15:57:06","64182"
"311","58","108","Elfen Lied",NULL,"Plan to watch","Public",NULL,NULL,NULL,"0","2013-10-16 15:57:32","2013-10-16 15:57:32","64183"
"312","4","110","Durarara!!",NULL,"Plan to watch","Public",NULL,NULL,"uhhh.... idk what to say","0","2013-10-17 02:20:50","2013-10-17 02:20:50","64233"
"313","14","2","One Piece","626","Completed","Public",NULL,"4",NULL,"0","2013-10-22 17:15:07","2013-10-22 17:15:07","64572"
"314","14","457","Code Geass: Boukoku no Akito","4","Completed","Public",NULL,"2",NULL,"0","2013-10-24 04:19:35","2013-10-24 04:19:35","64942"
"315","14","122","Code Geass","25","Completed","Public",NULL,"2",NULL,"0","2013-10-24 04:20:13","2013-10-24 04:20:13","64943"
"316","14","121","Code Geass R2","25","Completed","Public",NULL,"2",NULL,"0","2013-10-24 04:20:29","2013-10-24 04:20:29","64944"
"317","11","285","Kakumeiki Valvrave","12","Completed","Public",NULL,"9",NULL,"0","2013-10-28 07:48:36","2013-10-28 07:48:36","65561"
"318","11","240","07-Ghost","25","Completed","Public",NULL,"7",NULL,"0","2013-10-28 07:49:03","2013-10-28 07:49:03","65562"
"319","11","301","11eyes","12","Completed","Public",NULL,"6",NULL,"0","2013-10-28 07:49:31","2013-10-28 07:49:31","65563"
"320","11","377","Accel World","7","On hold","Public",NULL,"8",NULL,"0","2013-10-28 07:50:04","2013-10-28 07:50:04","65564"
"321","11","144","Air Gear","25","Completed","Public",NULL,"8",NULL,"0","2013-10-28 07:50:32","2013-10-28 07:50:32","65565"
"322","11","150","Amagami SS","25","Completed","Public",NULL,"10",NULL,"0","2013-10-28 07:51:04","2013-10-28 07:51:04","65566"
"323","11","158","Amagami SS+ Plus","13","Completed","Public",NULL,"9",NULL,"0","2013-10-28 07:51:36","2013-10-28 07:51:36","65567"
"324","11","141","Ao No Exorcist","25","Completed","Public",NULL,"9",NULL,"0","2013-10-28 07:52:12","2013-10-28 07:52:12","65568"
"325","11","139","Avatar The Last Airbender: Book 1","20","Completed","Public",NULL,"8",NULL,"0","2013-10-28 07:52:41","2013-10-28 07:52:41","65569"
"326","11","138","Avatar The Last Airbender: Book 2","20","Completed","Public",NULL,"8",NULL,"0","2013-10-28 07:53:13","2013-10-28 07:53:13","65570"
"327","11","137","Avatar The Last Airbender: Book 3","21","Completed","Public",NULL,"10",NULL,"0","2013-10-28 07:53:49","2013-10-28 07:53:49","65571"
"328","11","151","Avatar: The Legend of Korra Book 1","12","Completed","Public",NULL,"8",NULL,"0","2013-10-28 07:54:24","2013-10-28 07:54:24","65572"
"329","11","390","Avatar: The Legend of Korra Book 2: Spirits","8","Watching ","Public",NULL,"8",NULL,"0","2013-10-28 07:54:57","2013-10-28 07:54:57","65573"
"330","11","127","Black★Rock Shooter (TV)","8","Completed","Public",NULL,"9",NULL,"0","2013-10-28 07:55:34","2013-10-28 07:55:34","65574"
"331","11","126","Bleach","366","Completed","Public",NULL,"10",NULL,"0","2013-10-28 07:56:19","2013-10-28 07:56:19","65575"
"332","11","224","Blood+","50","Completed","Public",NULL,"8",NULL,"0","2013-10-28 07:56:50","2013-10-28 07:56:50","65576"
"333","11","123","Clannad","23","Completed","Public",NULL,"10","made me cry","0","2013-10-28 07:57:57","2013-10-28 07:57:57","65577"
"334","11","124","Clannad After Story","24","Completed","Public",NULL,"10","made me cry","0","2013-10-28 07:58:30","2013-10-28 07:58:30","65578"
"335","11","218","Claymore","26","Completed","Public",NULL,"8",NULL,"0","2013-10-28 07:58:55","2013-10-28 07:58:55","65579"
"336","11","122","Code Geass","25","Completed","Public",NULL,"5",NULL,"0","2013-10-28 07:59:24","2013-10-28 07:59:24","65580"
"337","11","121","Code Geass R2","25","Completed","Public",NULL,"6",NULL,"0","2013-10-28 08:00:02","2013-10-28 08:00:02","65581"
"338","11","423","Coppelion ","4","Watching ","Public",NULL,"7",NULL,"0","2013-10-28 08:00:43","2013-10-28 08:00:43","65582"
"339","11","119","Darker Than Black","26","Completed","Public",NULL,"8",NULL,"0","2013-10-28 08:01:15","2013-10-28 08:01:15","65583"
"340","11","118","Darker than Black: Ryuusei no Gemini","12","Completed","Public",NULL,"9",NULL,"0","2013-10-28 08:01:45","2013-10-28 08:01:45","65584"
"341","11","116","Death Note","37","Completed","Public",NULL,"8",NULL,"0","2013-10-28 08:02:33","2013-10-28 08:02:33","65585"
"342","11","117","Deadman Wonderland","12","Completed","Public",NULL,"8",NULL,"0","2013-10-28 08:02:59","2013-10-28 08:02:59","65586"
"343","11","108","Elfen Lied","13","Completed","Public",NULL,"10","hooooooo yeea bloood","0","2013-10-28 08:03:39","2013-10-28 08:03:39","65587"
"344","11","293","Ergo Proxy","23","Completed","Public",NULL,"10","BEst Anime in the world....ps its steampunk","0","2013-10-28 08:04:17","2013-10-28 08:04:17","65588"
"345","11","107","Eureka Seven","50","Completed","Public",NULL,"9",NULL,"0","2013-10-28 08:04:43","2013-10-28 08:04:43","65589"
"346","11","101","Freezing","12","Completed","Public",NULL,"8",NULL,"0","2013-10-28 08:12:01","2013-10-28 08:12:01","65590"
"347","11","433","Freezing Vibrations","4","Watching ","Public",NULL,"6",NULL,"0","2013-10-28 08:12:54","2013-10-28 08:12:54","65591"
"348","11","100","Fruits Basket","26","Completed","Public",NULL,NULL,NULL,"0","2013-10-28 08:13:25","2013-10-28 08:13:25","65592"
"349","11","264","Full Metal Panic! The Second Raid","13","Completed","Public",NULL,"8",NULL,"0","2013-10-28 08:19:07","2013-10-28 08:19:07","65593"
"350","11","159","Ga-Rei: Zero","12","Completed","Public",NULL,"9",NULL,"0","2013-10-28 08:20:12","2013-10-28 08:20:12","65594"
"351","11","210","Gantz","26","Completed","Public",NULL,"2",NULL,"0","2013-10-28 08:20:42","2013-10-28 08:20:42","65595"
"352","11","348","Gatchaman Crowds","5","Watching ","Public",NULL,"8",NULL,"0","2013-10-28 08:21:43","2013-10-28 08:21:43","65596"
"353","11","92","Guilty Crown","22","Completed","Public",NULL,"9",NULL,"0","2013-10-28 08:22:25","2013-10-28 08:22:25","65597"
"354","11","491","Appleseed XIII","13","Completed","Public",NULL,"10",NULL,"0","2013-11-01 10:18:28","2013-11-01 10:18:28","67022"
"355","11","496","Arcana Famiglia",NULL,"Plan to watch","Public",NULL,NULL,NULL,"0","2013-11-01 20:58:39","2013-11-01 20:58:39","67140"
"356","20","456","Ore no Nounai ","4","Watching ","Private",NULL,"8",NULL,"0","2013-11-02 21:06:55","2013-11-02 21:06:55","67305"
"357","20","428","Nagi no Asukara","3","Watching ","Private",NULL,"10",NULL,"0","2013-11-02 22:33:41","2013-11-02 22:33:41","67314"
"358","11","440","Yozakura Quartet: Hana no Uta","12","Watching ","Public",NULL,"10",NULL,"0","2013-11-07 09:08:06","2013-11-07 09:08:06","67516"
"359","20","308","Inu to Hasami wa Tsukaiyou","4","Watching ","Private",NULL,"10",NULL,"0","2013-11-07 21:30:57","2013-11-07 21:30:57","67524"
"360","14","503","Pokemon: The Origin","4","Completed","Public",NULL,"6",NULL,"0","2013-11-16 09:48:56","2013-11-16 09:48:56","68024"
"361","1223","427","Golden Time","11","Watching","Public",NULL,"10","<3","0","2013-11-21 14:51:08","2013-11-21 14:51:08","68198"
"362","1223","45","Naruto","138","Watching ","Public",NULL,"10","(:","0","2013-11-21 14:52:28","2013-11-21 14:52:28","68199"
"363","1223","448","Cardcaptor Sakura","1","Watching ","Public",NULL,"10",NULL,"0","2013-11-24 04:09:17","2013-11-24 04:09:17","68352"
"364","1223","275","Hentai Ouji to Warawanai Neko.","2","Watching ","Public",NULL,NULL,NULL,"0","2013-11-24 14:44:41","2013-11-24 14:44:41","68370"
"365","60","206","Steins;Gate","24","Completed","Public",NULL,"10",NULL,"0","2013-11-27 18:41:45","2013-11-27 18:41:45","68491"
"366","60","390","Avatar: The Legend of Korra Book 2: Spirits","14","Completed","Public",NULL,"8",NULL,"0","2013-11-27 18:42:47","2013-11-27 18:42:47","68492"
"367","60","139","Avatar The Last Airbender: Book 1","20","Completed","Public",NULL,"9",NULL,"0","2013-11-27 18:43:17","2013-11-27 18:43:17","68493"
"368","60","151","Avatar: The Legend of Korra Book 1","12","Completed","Public",NULL,"8",NULL,"0","2013-11-27 18:43:44","2013-11-27 18:43:44","68494"
"369","60","138","Avatar The Last Airbender: Book 2","20","Completed","Public",NULL,"10",NULL,"0","2013-11-27 18:44:28","2013-11-27 18:44:28","68495"
"370","60","137","Avatar The Last Airbender: Book 3","21","Completed","Public",NULL,"10",NULL,"0","2013-11-27 18:44:58","2013-11-27 18:44:58","68496"
"371","60","122","Code Geass","25","Completed","Public",NULL,"9",NULL,"0","2013-11-27 18:45:41","2013-11-27 18:45:41","68497"
"372","60","121","Code Geass R2","25","Completed","Public",NULL,"10",NULL,"0","2013-11-27 18:46:10","2013-11-27 18:46:10","68498"
"373","60","255","Shingeki no Kyojin","25","Completed","Public",NULL,"10",NULL,"0","2013-11-28 02:57:24","2013-11-28 02:57:24","68513"
"374","60","98","Fullmetal Alchemist: Brotherhood","64","Completed","Public",NULL,"10",NULL,"0","2013-11-28 02:58:22","2013-11-28 02:58:22","68514"
"375","60","109","Eden of The East","11","Completed","Public",NULL,"10",NULL,"0","2013-11-28 02:58:48","2013-11-28 02:58:48","68515"
"376","20","432","Log Horizon","17","Watching","Public",NULL,NULL,NULL,"0","2013-12-19 16:27:39","2013-12-19 16:27:39","69056"
"377","20","431","Outbreak Company","5","Watching","Public",NULL,NULL,NULL,"0","2013-12-19 22:10:42","2013-12-19 22:10:42","69059"
"378","9","430","Strike the Blood","15","Watching","Public",NULL,NULL,NULL,"0","2013-12-19 22:11:21","2013-12-19 22:11:21","69060"
"379","11","426","Kill la Kill","12","Watching","Public",NULL,NULL,NULL,"0","2013-12-21 01:23:30","2013-12-21 01:23:30","69233"
"380","1361","390","Avatar: The Legend of Korra Book 2: Spirits","14","Completed","Public",NULL,NULL,NULL,"0","2013-12-21 11:46:43","2013-12-21 11:46:43","69302"
"381","1361","426","Kill la Kill","1","Watching","Public",NULL,NULL,NULL,"0","2013-12-21 13:01:15","2013-12-21 13:01:15","69303"
"382","9","46","Naruto Shippuden","346","Watching","Public",NULL,NULL,NULL,"0","2013-12-22 03:14:05","2013-12-22 03:14:05","69334"
"383","11","429","Yuusha ni Narenakatta Ore wa Shibushibu Shuushoku wo Ketsui Shimashita","7","Watching","Public",NULL,NULL,NULL,"0","2013-12-22 08:43:46","2013-12-22 08:43:46","69335"
"384","65","109","Eden of The East","11","Completed","Public",NULL,NULL,NULL,"0","2013-12-24 18:29:51","2013-12-24 18:29:51","69637"
"385","20","378","Cowboy Bebop","1","Completed","Public",NULL,NULL,NULL,"0","2013-12-24 19:01:39","2013-12-24 19:01:39","69649"
"386","20","154","Kore wa Zombie Desu ka? of The Dead","1","Completed","Public",NULL,NULL,NULL,"0","2013-12-24 19:09:57","2013-12-24 19:09:57","69650"
"387","20","395","Princess Lover!","2","Completed","Public",NULL,NULL,NULL,"0","2013-12-24 19:18:54","2013-12-24 19:18:54","69651"
"388","11","386","Miss Monochrome","4","Completed","Public",NULL,NULL,NULL,"0","2013-12-25 22:33:26","2013-12-25 22:33:26","69663"
"389","9","435","Machine-Doll wa Kizutsukanai","12","Completed","Public",NULL,NULL,NULL,"0","2013-12-26 02:28:31","2013-12-26 02:28:31","69664"
"390","1373","426","Kill la Kill","1","Completed","Public",NULL,NULL,NULL,"0","2013-12-26 07:42:11","2013-12-26 07:42:11","69674"
"391","1373","505","Shingeki no Kyojin: Ilse no Techou","1","Completed","Public",NULL,NULL,NULL,"0","2013-12-26 07:56:13","2013-12-26 07:56:13","69675"
"392","40","333","Rescue Me!","1","Completed","Public",NULL,NULL,NULL,"0","2013-12-26 23:21:25","2013-12-26 23:21:25","69709"
"393","40","199","Aa! Megami-sama! (TV)","3","Completed","Public",NULL,NULL,NULL,"0","2013-12-26 23:25:00","2013-12-26 23:25:00","69710"
"394","11","510","Gintama: Kanketsu-hen &#8211; Yorozuya yo Eien Nare","1","Completed","Public",NULL,NULL,NULL,"0","2013-12-27 04:55:26","2013-12-27 04:55:26","69715"
"395","11","333","Rescue Me!","1","Completed","Public",NULL,NULL,NULL,"0","2013-12-27 05:58:51","2013-12-27 05:58:51","69723"
"396","40","165","Sankarea","1","Completed","Public",NULL,NULL,NULL,"0","2013-12-27 10:43:49","2013-12-27 10:43:49","69726"
"397","40","200","Aa! Megami-sama!: Sorezore no Tsubasa","3","Completed","Public",NULL,NULL,NULL,"0","2013-12-27 10:47:21","2013-12-27 10:47:21","69727"
"398","11","165","Sankarea","3","Completed","Public",NULL,NULL,NULL,"0","2013-12-27 20:18:30","2013-12-27 20:18:30","69731"
"399","4","255","Shingeki no Kyojin","7","Completed","Public",NULL,NULL,NULL,"0","2013-12-28 23:16:28","2013-12-28 23:16:28","69751"
"400","20","437","Aoki Hagane no Arpeggio: Ars Nova","1","Completed","Public",NULL,NULL,NULL,"0","2013-12-29 00:50:13","2013-12-29 00:50:13","69753"
"401","20","237","Kotoura-san","5","Completed","Public",NULL,NULL,NULL,"0","2013-12-29 01:03:07","2013-12-29 01:03:07","69754"
"402","9","285","Kakumeiki Valvrave","12","Completed","Public",NULL,NULL,NULL,"0","2013-12-29 02:19:00","2013-12-29 02:19:00","69755"
"403","11","515","Zetsumetsu Kigu Shoujo: Amazing Twins","1","Completed","Public",NULL,NULL,NULL,"0","2013-12-30 09:56:33","2013-12-30 09:56:33","69885"
"404","11","444","Kakumeiki Valvrave 2nd Season","1","Watching","Public",NULL,NULL,NULL,"0","2013-12-30 23:44:13","2013-12-30 23:44:13","69921"
"405","26","432","Log Horizon","13","Watching","Public",NULL,NULL,NULL,"0","2013-12-31 04:25:08","2013-12-31 04:25:08","69954"
"406","1227","377","Accel World","24","Completed","Public",NULL,NULL,NULL,"0","2013-12-31 04:29:01","2013-12-31 04:29:01","69955"
"407","1","121","Code Geass R2","25","Completed","Public",NULL,"10",NULL,"0","2013-12-31 07:01:01","2013-12-31 07:01:01","69962"
"408","45","517","Freezing Vibration Specials","1","Watching","Public",NULL,NULL,NULL,"0","2013-12-31 07:59:20","2013-12-31 07:59:20","69964"
"409","1","122","Code Geass","25","Completed","Public",NULL,"10","One of the best anime ever release :P","0","2013-12-31 08:23:36","2013-12-31 08:23:36","69968"
"410","1","46","Naruto Shippuden","203","On hold","Public",NULL,"9","This is my comment for Naruto Shippuden :) ","0","2014-01-01 04:15:21","2014-01-01 04:15:21","69998"
"411","1","45","Naruto","220","Completed","Public",NULL,"8","This is my naruto comment :D ","0","2014-01-01 04:15:34","2014-01-01 04:15:34","69999"
"412","1227","279","Aku no Hana","1","Watching","Public",NULL,NULL,NULL,"0","2014-01-01 04:41:57","2014-01-01 04:41:57","70000"
"413","9","519","Sword Art Online: Extra Edition","1","Completed","Public",NULL,NULL,NULL,"0","2014-01-01 19:51:55","2014-01-01 19:51:55","70001"
"414","11","522","Buddy Complex","1","Watching","Public",NULL,NULL,NULL,"0","2014-01-02 00:16:55","2014-01-02 00:16:55","70071"
"415","11","424","Kyoukai no Kanata","12","Watching","Public",NULL,NULL,NULL,"0","2014-01-02 05:54:50","2014-01-02 05:54:50","70072"
"416","1","66994","Ano Hi Mita Hana no Namae wo Bokutachi wa Mada Shiranai","11","Completed","Public",NULL,"9","Testing","0","2014-01-02 09:55:25","2014-01-02 09:55:25","70073"
"417","1","226","Sakurasou no Pet na Kanojo","24","Completed","Public","Medium","9","A very cute anime!","0","2014-01-02 10:35:13","2014-01-02 10:35:13","70074"
"418","9","444","Kakumeiki Valvrave 2nd Season","12","Completed","Public",NULL,NULL,NULL,"0","2014-01-02 23:41:24","2014-01-02 23:41:24","70075"
"419","1","205","Sword Art Online","25","Completed","Public","High","10",NULL,"0","2014-01-03 12:04:31","2014-01-03 12:04:31","70079"
"420","1","116","Death Note","37","Completed","Public","Medium","9",NULL,"0","2014-01-03 12:05:53","2014-01-03 12:05:53","70081"
"421","1","117","Deadman Wonderland","12","Completed","Public","Medium","7",NULL,"0","2014-01-03 12:06:05","2014-01-03 12:06:05","70082"
"422","66","205","Sword Art Online","25","Completed","Public","High","10",NULL,"0","2014-01-03 20:17:17","2014-01-03 20:17:17","70090"
"423","66","5","Yumeiro Patissiere","50","Completed","Public",NULL,"6",NULL,"0","2014-01-03 20:48:59","2014-01-03 20:48:59","70091"
"424","1","139","Avatar The Last Airbender: Book 1","20","Completed","Public","Medium","8",NULL,"0","2014-01-03 21:00:05","2014-01-03 21:00:05","70092"
"425","1","137","Avatar The Last Airbender: Book 3","21","Completed","Public","Medium","9",NULL,"0","2014-01-03 21:00:21","2014-01-03 21:00:21","70093"
"426","1","138","Avatar The Last Airbender: Book 2","20","Completed","Public","Medium","8",NULL,"0","2014-01-03 21:00:26","2014-01-03 21:00:26","70094"
"427","1","151","Avatar: The Legend of Korra Book 1","12","Completed","Public","Medium","8",NULL,"0","2014-01-03 21:00:29","2014-01-03 21:00:29","70095"
"428","1","124","Clannad After Story","24","Completed","Public","Medium","10",NULL,"0","2014-01-03 21:01:01","2014-01-03 21:01:01","70096"
"429","1","218","Claymore","26","Completed","Public","Medium","8",NULL,"0","2014-01-03 21:01:16","2014-01-03 21:01:16","70097"
"430","1","113","Dragon Ball","153","Completed","Public","High","9",NULL,"0","2014-01-03 21:01:32","2014-01-03 21:01:32","70098"
"431","1","109","Eden of The East","11","Completed","Public","Medium","8",NULL,"0","2014-01-03 21:01:41","2014-01-03 21:01:41","70099"
"432","1","108","Elfen Lied","1","On hold","Public",NULL,NULL,NULL,"0","2014-01-03 21:02:07","2014-01-03 21:02:07","70100"
"433","1","106","Fairy Tail","120","On hold","Public",NULL,"8",NULL,"0","2014-01-03 21:02:23","2014-01-03 21:02:23","70101"
"434","1","104","Fate Zero","13","Completed","Public","High","9",NULL,"0","2014-01-03 21:02:27","2014-01-03 21:02:27","70102"
"435","1","169","Fate/Zero Season Two","12","Completed","Public","High","9",NULL,"0","2014-01-03 21:02:42","2014-01-03 21:02:42","70103"
"436","1","99","Fullmetal Alchemist","51","Completed","Public","High","8",NULL,"0","2014-01-03 21:03:08","2014-01-03 21:03:08","70104"
"437","1","98","Fullmetal Alchemist: Brotherhood","64","Completed","Public","High","9",NULL,"0","2014-01-03 21:03:12","2014-01-03 21:03:12","70105"
"438","1","2","One Piece","330","On hold","Public","Medium","8",NULL,"0","2014-01-03 21:04:22","2014-01-03 21:04:22","70106"
"439","1","255","Shingeki no Kyojin","25","Completed","Public","Medium","9",NULL,"0","2014-01-03 21:04:46","2014-01-03 21:04:46","70107"
"440","1","56","Mirai Nikki","26","Completed","Public","Medium","8",NULL,"0","2014-01-03 21:05:16","2014-01-03 21:05:16","70108"
"441","1","123","Clannad","23","Completed","Public","Low","7",NULL,"0","2014-01-03 21:08:59","2014-01-03 21:08:59","70109"
"442","11","14","Toradora!","4","Watching","Public",NULL,NULL,NULL,"0","2014-01-04 02:06:44","2014-01-04 02:06:44","70135"
"443","66","100","Fruits Basket","26","Completed","Public",NULL,"7",NULL,"0","2014-01-04 11:21:17","2014-01-04 11:21:17","70140"
"444","20","519","Sword Art Online: Extra Edition","1","Completed","Public",NULL,NULL,NULL,"0","2014-01-05 04:46:34","2014-01-05 04:46:34","70282"
"445","9","274","Devil Survivor 2 The Animation","13","Completed","Public",NULL,NULL,NULL,"0","2014-01-05 19:07:56","2014-01-05 19:07:56","70287"
"446","66","141","Ao No Exorcist","25","Completed","Public",NULL,"8",NULL,"0","2014-01-05 19:08:15","2014-01-05 19:08:15","70288"
"447","66","162","Angel Beats!","13","Completed","Public",NULL,"7",NULL,"0","2014-01-05 19:10:54","2014-01-05 19:10:54","70289"
"448","66","149","Another","12","Completed","Public",NULL,"7",NULL,"0","2014-01-05 19:11:20","2014-01-05 19:11:20","70290"
"449","66","129","Beelzebub","60","Completed","Public",NULL,"5",NULL,"0","2014-01-05 19:13:04","2014-01-05 19:13:04","70291"
"450","66","126","Bleach","1","On hold","Public",NULL,NULL,NULL,"0","2014-01-05 19:13:43","2014-01-05 19:13:43","70292"
"451","66","231","Chobits","1","On hold","Public",NULL,NULL,NULL,"0","2014-01-05 19:14:25","2014-01-05 19:14:25","70293"
"452","66","123","Clannad","23","Completed","Public",NULL,"10",NULL,"0","2014-01-05 19:15:16","2014-01-05 19:15:16","70294"
"453","66","124","Clannad After Story","24","Completed","Public",NULL,"10",NULL,"0","2014-01-05 19:15:27","2014-01-05 19:15:27","70295"
"454","66","122","Code Geass","1","On hold","Public",NULL,NULL,NULL,"0","2014-01-05 19:15:45","2014-01-05 19:15:45","70296"
"455","66","316","Danganronpa: Kibou no Gakuen to Zetsubou no Koukousei &#8211; The Animation","1","Dropped","Public",NULL,NULL,NULL,"0","2014-01-05 19:17:11","2014-01-05 19:17:11","70297"
"456","66","254","Date A Live","12","Completed","Public",NULL,"7",NULL,"0","2014-01-05 19:18:55","2014-01-05 19:18:55","70298"
"457","66","504","Date A Live OVA","0","Plan to watch","Public",NULL,NULL,NULL,"0","2014-01-05 19:19:32","2014-01-05 19:19:32","70299"
"458","66","116","Death Note","0","Plan to watch","Public",NULL,NULL,NULL,"0","2014-01-05 19:20:34","2014-01-05 19:20:34","70300"
"459","66","115","Detective Conan","718","Completed","Public",NULL,"6",NULL,"0","2014-01-05 19:21:35","2014-01-05 19:21:35","70301"
"460","66","110","Durarara!!","1","On hold","Public",NULL,NULL,NULL,"0","2014-01-05 19:22:48","2014-01-05 19:22:48","70302"
"461","66","107","Eureka Seven","50","Completed","Public",NULL,"10",NULL,"0","2014-01-05 19:23:09","2014-01-05 19:23:09","70303"
"462","66","106","Fairy Tail","1","On hold","Public",NULL,NULL,NULL,"0","2014-01-05 19:29:07","2014-01-05 19:29:07","70304"
"463","66","314","Free!","12","Completed","Public",NULL,"7",NULL,"0","2014-01-05 19:35:42","2014-01-05 19:35:42","70305"
"464","66","263","Full Metal Panic!","1","On hold","Public",NULL,NULL,NULL,"0","2014-01-05 19:37:43","2014-01-05 19:37:43","70306"
"465","66","99","Fullmetal Alchemist","51","Completed","Public",NULL,"9",NULL,"0","2014-01-05 19:38:12","2014-01-05 19:38:12","70307"
"466","66","340","Genshiken Nidaime","13","Completed","Public",NULL,"8",NULL,"0","2014-01-05 19:39:28","2014-01-05 19:39:28","70308"
"467","66","512","Genshiken Nidaime OVA","0","Plan to watch","Public",NULL,NULL,NULL,"0","2014-01-05 19:40:13","2014-01-05 19:40:13","70309"
"468","66","89","High School DxD","1","On hold","Public",NULL,NULL,NULL,"0","2014-01-05 19:41:43","2014-01-05 19:41:43","70310"
"469","66","92","Guilty Crown","22","Completed","Public",NULL,"8",NULL,"0","2014-01-05 19:42:14","2014-01-05 19:42:14","70311"
"470","66","72","K-On!!","1","On hold","Public",NULL,NULL,NULL,"0","2014-01-05 19:43:59","2014-01-05 19:43:59","70312"
"471","66","83","Kaichou wa Maid-sama","26","Completed","Public",NULL,"9",NULL,"0","2014-01-05 19:44:12","2014-01-05 19:44:12","70313"
"472","66","284","Karneval","13","Completed","Public",NULL,"8",NULL,"0","2014-01-05 19:45:35","2014-01-05 19:45:35","70314"
"473","66","77","Katekyo Hitman Reborn","203","Completed","Public",NULL,"8",NULL,"0","2014-01-05 19:45:52","2014-01-05 19:45:52","70315"
"474","66","73","Kiss x Sis","1","On hold","Public",NULL,NULL,NULL,"0","2014-01-05 19:46:57","2014-01-05 19:46:57","70316"
"475","66","66","Lovely Complex","1","On hold","Public",NULL,NULL,NULL,"0","2014-01-05 19:48:31","2014-01-05 19:48:31","70317"
"476","66","46","Naruto Shippuden","0","Plan to watch","Public",NULL,NULL,NULL,"0","2014-01-05 19:51:09","2014-01-05 19:51:09","70318"
"477","66","41","Ouran High School Host Club","26","Completed","Public",NULL,"7",NULL,"0","2014-01-05 19:53:05","2014-01-05 19:53:05","70319"
"478","66","391","Pandora Hearts","0","Plan to watch","Public",NULL,NULL,NULL,"0","2014-01-05 19:54:27","2014-01-05 19:54:27","70320"
"479","66","276","Photokano","13","Completed","Public",NULL,"7",NULL,"0","2014-01-05 19:57:53","2014-01-05 19:57:53","70321"
"480","66","333","Rescue Me!","1","Completed","Public",NULL,NULL,NULL,"0","2014-01-05 19:58:59","2014-01-05 19:58:59","70322"
"481","66","339","Ro-Kyu-Bu! SS","12","Completed","Public",NULL,NULL,NULL,"0","2014-01-05 19:59:28","2014-01-05 19:59:28","70323"
"482","66","37","Rosario + Vampire","13","Completed","Public",NULL,"8",NULL,"0","2014-01-05 19:59:41","2014-01-05 19:59:41","70324"
"483","66","262","School Days","12","Completed","Public",NULL,"4",NULL,"0","2014-01-05 20:01:38","2014-01-05 20:01:38","70325"
"484","66","21","Special A","1","Watching","Public",NULL,NULL,NULL,"0","2014-01-05 20:03:30","2014-01-05 20:03:30","70326"
"485","66","304","Spice and Wolf","13","Completed","Public",NULL,"7",NULL,"0","2014-01-05 20:03:38","2014-01-05 20:03:38","70327"
"486","66","445","Suzumiya Haruhi no Shoushitsu","1","Completed","Public",NULL,"10",NULL,"0","2014-01-05 20:04:13","2014-01-05 20:04:13","70328"
"487","66","17","The Melancholy of Haruhi Suzumiya","9","Completed","Public",NULL,"10",NULL,"0","2014-01-05 20:07:08","2014-01-05 20:07:08","70329"
"488","66","9","Vampire Knight","13","Completed","Public",NULL,"8",NULL,"0","2014-01-05 20:09:16","2014-01-05 20:09:16","70330"
"489","66","8","Vampire Knight: Guilty","0","Plan to watch","Public",NULL,NULL,NULL,"0","2014-01-05 20:09:29","2014-01-05 20:09:29","70331"
"490","66","4","Yuru Yuri","0","Plan to watch","Public",NULL,NULL,NULL,"0","2014-01-05 20:09:42","2014-01-05 20:09:42","70332"
"491","66","217","Zero no Tsukaima","13","Completed","Public",NULL,"8",NULL,"0","2014-01-05 20:10:00","2014-01-05 20:10:00","70333"
"492","1227","108","Elfen Lied","3","Watching","Public",NULL,NULL,NULL,"0","2014-01-06 04:49:26","2014-01-06 04:49:26","70334"
"493","1227","88","High School of The Dead","5","Watching","Public",NULL,NULL,NULL,"0","2014-01-06 07:02:04","2014-01-06 07:02:04","70335"
"494","9","225","Amnesia","1","Watching","Public",NULL,NULL,NULL,"0","2014-01-06 16:07:08","2014-01-06 16:07:08","70336"
"495","1399","390","Avatar: The Legend of Korra Book 2: Spirits","1","Watching","Public",NULL,NULL,NULL,"0","2014-01-06 16:08:11","2014-01-06 16:08:11","70337"
"496","9","279","Aku no Hana","1","Watching","Public",NULL,NULL,NULL,"0","2014-01-06 16:12:39","2014-01-06 16:12:39","70338"
"497","9","506","Steins;Gate: Fuka Ryouiki no Déjà vu","1","Completed","Public",NULL,NULL,NULL,"0","2014-01-06 16:17:56","2014-01-06 16:17:56","70339"
"498","1399","383","IS: Infinite Stratos 2","2","Watching","Public",NULL,NULL,NULL,"0","2014-01-06 16:28:19","2014-01-06 16:28:19","70340"
"499","1400","17","The Melancholy of Haruhi Suzumiya","14","Watching","Public",NULL,NULL,NULL,"0","2014-01-06 17:40:41","2014-01-06 17:40:41","70341"
"500","1401","259","IS: Infinite Stratos","5","Watching","Public",NULL,NULL,NULL,"0","2014-01-06 17:56:30","2014-01-06 17:56:30","70342"
"501","1378","351","Trinity Blood","24","Completed","Public",NULL,NULL,NULL,"0","2014-01-06 22:19:14","2014-01-06 22:19:14","70389"
"502","11","529","Noragami","1","Watching","Public",NULL,NULL,NULL,"0","2014-01-06 23:26:15","2014-01-06 23:26:15","70455"
"503","11","532","Nobunaga the Fool","1","Watching","Public",NULL,NULL,NULL,"0","2014-01-07 00:13:10","2014-01-07 00:13:10","70456"
"504","11","534","Toaru Hikuushi e no Koiuta","1","Watching","Public",NULL,NULL,NULL,"0","2014-01-07 00:38:34","2014-01-07 00:38:34","70457"
"505","11","535","Super Sonico The Animation","3","Watching","Public",NULL,NULL,NULL,"0","2014-01-07 01:23:08","2014-01-07 01:23:08","70458"
"506","11","536","D-Frag!","1","Watching","Public",NULL,NULL,NULL,"0","2014-01-07 06:30:14","2014-01-07 06:30:14","70474"
"507","11","538","Hamatora The Animation","1","Watching","Public",NULL,NULL,NULL,"0","2014-01-07 23:15:45","2014-01-07 23:15:45","70501"
"508","1","112","Dragon Ball Z","291","Completed","Public","Medium","9","Epic anime.","0","2014-01-08 19:50:59","2014-01-08 19:50:59","70506"
"509","1","92","Guilty Crown","22","Completed","Public","Medium","8",NULL,"0","2014-01-08 19:53:02","2014-01-08 19:53:02","70507"
"510","1","126","Bleach","310","On hold","Public","Medium","7",NULL,"0","2014-01-08 19:54:32","2014-01-08 19:54:32","70508"
"511","1","234","Mondaiji-tachi ga Isekai kara Kuru Sou Desu yo?","10","Completed","Public",NULL,"6",NULL,"0","2014-01-08 20:02:32","2014-01-08 20:02:32","70509"
"512","1134","56","Mirai Nikki","17","Watching","Public",NULL,NULL,NULL,"0","2014-01-08 20:08:26","2014-01-08 20:08:26","70510"
"513","1411","43","Neon Genesis Evangelion","26","Completed","Public",NULL,NULL,NULL,"0","2014-01-08 21:44:12","2014-01-08 21:44:12","70538"
"514","1411","56","Mirai Nikki","26","Completed","Public",NULL,NULL,NULL,"0","2014-01-08 21:45:34","2014-01-08 21:45:34","70539"
"515","664","199","Aa! Megami-sama! (TV)","24","Completed","Public","Medium","8",NULL,"0","2014-01-08 23:56:34","2014-01-08 23:56:34","70545"
"516","9","532","Nobunaga the Fool","1","Watching","Public",NULL,NULL,NULL,"0","2014-01-10 00:13:34","2014-01-10 00:13:34","70572"
"517","49","390","Avatar: The Legend of Korra Book 2: Spirits","14","Completed","Public",NULL,NULL,NULL,"0","2014-01-10 06:16:08","2014-01-10 06:16:08","70574"
"518","11","543","Pupa","2","Watching","Public",NULL,NULL,NULL,"0","2014-01-10 19:12:28","2014-01-10 19:12:28","70738"
"519","11","549","Nourin","1","Watching","Public",NULL,NULL,NULL,"0","2014-01-10 19:29:27","2014-01-10 19:29:27","70754"
"520","11","547","Wake Up, Girls! Shichinin no Idol","1","Watching","Public",NULL,NULL,NULL,"0","2014-01-10 22:28:37","2014-01-10 22:28:37","70755"
"521","11","548","Wake Up, Girls!","2","Watching","Public",NULL,NULL,NULL,"0","2014-01-10 23:33:53","2014-01-10 23:33:53","70756"
"522","1","206","Steins;Gate","18","On hold","Public",NULL,"8",NULL,"0","2014-01-11 06:49:59","2014-01-11 06:49:59","70757"
"523","58","432","Log Horizon","1","Watching","Public",NULL,NULL,NULL,"0","2014-01-11 17:20:16","2014-01-11 17:20:16","70758"
"524","1421","255","Shingeki no Kyojin","24","Watching","Public",NULL,NULL,NULL,"0","2014-01-11 17:49:19","2014-01-11 17:49:19","70759"
"525","1","383","IS: Infinite Stratos 2","12","Completed","Public",NULL,NULL,NULL,"0","2014-01-11 22:31:57","2014-01-11 22:31:57","70762"
"526","11","226","Sakurasou no Pet na Kanojo","2","Watching","Public",NULL,NULL,NULL,"0","2014-01-11 22:45:37","2014-01-11 22:45:37","70766"
"527","48","505","Shingeki no Kyojin: Ilse no Techou","1","Completed","Public",NULL,NULL,NULL,"0","2014-01-12 00:13:09","2014-01-12 00:13:09","70769"
"528","1422","2","One Piece","1","Watching","Public",NULL,NULL,NULL,"0","2014-01-12 05:32:20","2014-01-12 05:32:20","70771"
"529","1422","45","Naruto","1","Watching","Public",NULL,NULL,NULL,"0","2014-01-12 05:32:37","2014-01-12 05:32:37","70772"
"530","1422","46","Naruto Shippuden","0","Plan to watch","Public",NULL,NULL,NULL,"0","2014-01-12 05:32:51","2014-01-12 05:32:51","70773"
"531","1422","106","Fairy Tail","1","Watching","Public",NULL,NULL,NULL,"0","2014-01-12 05:33:08","2014-01-12 05:33:08","70774"
"532","20","502","Shirokuma Cafe","1","Watching","Public",NULL,NULL,NULL,"0","2014-01-12 13:12:40","2014-01-12 13:12:40","70776"
"533","20","165","Sankarea","8","Watching","Public",NULL,NULL,NULL,"0","2014-01-12 13:16:56","2014-01-12 13:16:56","70777"
"534","9","544","Mahou Sensou","8","Watching","Public",NULL,NULL,NULL,"0","2014-01-12 15:32:44","2014-01-12 15:32:44","70779"
"535","9","423","Coppelion","11","Watching","Public",NULL,NULL,NULL,"0","2014-01-12 15:57:58","2014-01-12 15:57:58","70780"
"536","9","89","High School DxD","9","Watching","Public",NULL,NULL,NULL,"0","2014-01-12 16:13:48","2014-01-12 16:13:48","70781"
"537","69","430","Strike the Blood","5","Watching","Public",NULL,NULL,NULL,"0","2014-01-13 02:26:29","2014-01-13 02:26:29","70785"
"538","11","521","Witch Craft Works","2","Watching","Public",NULL,NULL,NULL,"0","2014-01-13 07:35:33","2014-01-13 07:35:33","70787"
"539","9","529","Noragami","4","Watching","Public",NULL,NULL,NULL,"0","2014-01-14 21:38:22","2014-01-14 21:38:22","70792"
"540","70","549","Nourin","1","Watching","Public",NULL,NULL,NULL,"0","2014-01-15 14:48:52","2014-01-15 14:48:52","70796"
"541","9","546","Sakura Trick","1","Watching","Public",NULL,NULL,NULL,"0","2014-01-15 22:23:49","2014-01-15 22:23:49","70812"
"542","9","541","Z/X Ignition","2","Watching","Public",NULL,NULL,NULL,"0","2014-01-15 22:32:04","2014-01-15 22:32:04","70813"
"543","69","217","Zero no Tsukaima","1","Watching","Public",NULL,NULL,NULL,"0","2014-01-16 02:22:34","2014-01-16 02:22:34","70815"
"544","11","399","Kaleido Star","4","Watching","Public",NULL,NULL,NULL,"0","2014-01-16 05:28:15","2014-01-16 05:28:15","70816"
"545","11","551","Inari, Konkon, Koi Iroha","1","Watching","Public",NULL,NULL,NULL,"0","2014-01-16 06:28:12","2014-01-16 06:28:12","70860"
"546","70","553","Nisekoi","1","Watching","Public",NULL,NULL,NULL,"0","2014-01-16 12:11:59","2014-01-16 12:11:59","70892"
"547","69","205","Sword Art Online","22","Watching","Public",NULL,NULL,NULL,"0","2014-01-16 12:26:52","2014-01-16 12:26:52","70938"
"548","70","555","Sekai Seifuku: Bouryaku no Zvezda","1","Watching","Public",NULL,NULL,NULL,"0","2014-01-16 12:33:56","2014-01-16 12:33:56","70957"
"549","20","261","Yahari Ore no Seishun Love Come wa Machigatteiru.","11","Watching","Public",NULL,NULL,NULL,"0","2014-01-16 17:04:17","2014-01-16 17:04:17","71069"
"550","14","225","Amnesia","2","Watching","Public",NULL,NULL,NULL,"0","2014-01-16 20:58:43","2014-01-16 20:58:43","71075"
"551","69","206","Steins;Gate","0","Plan to watch","Public",NULL,NULL,NULL,"0","2014-01-17 02:30:13","2014-01-17 02:30:13","71092"
"552","69","141","Ao No Exorcist","25","Completed","Public",NULL,NULL,NULL,"0","2014-01-17 02:31:41","2014-01-17 02:31:41","71094"
"553","69","407","Berserk","0","Plan to watch","Public",NULL,NULL,NULL,"0","2014-01-17 02:32:57","2014-01-17 02:32:57","71095"
"554","69","218","Claymore","26","Completed","Public",NULL,NULL,NULL,"0","2014-01-17 02:33:02","2014-01-17 02:33:02","71096"
"555","69","122","Code Geass","25","Completed","Public",NULL,NULL,NULL,"0","2014-01-17 02:33:08","2014-01-17 02:33:08","71097"
"556","69","121","Code Geass R2","25","Completed","Public",NULL,NULL,NULL,"0","2014-01-17 02:33:14","2014-01-17 02:33:14","71098"
"557","69","457","Code Geass: Boukoku no Akito","4","Completed","Public",NULL,NULL,NULL,"0","2014-01-17 02:33:38","2014-01-17 02:33:38","71099"
"558","69","378","Cowboy Bebop","26","Completed","Public",NULL,NULL,NULL,"0","2014-01-17 02:33:56","2014-01-17 02:33:56","71100"
"559","69","116","Death Note","37","Completed","Public",NULL,NULL,NULL,"0","2014-01-17 02:34:37","2014-01-17 02:34:37","71101"
"560","69","108","Elfen Lied","13","Completed","Public",NULL,NULL,NULL,"0","2014-01-17 02:35:05","2014-01-17 02:35:05","71102"
"561","69","109","Eden of The East","11","Completed","Public",NULL,NULL,NULL,"0","2014-01-17 02:35:10","2014-01-17 02:35:10","71103"
"562","69","107","Eureka Seven","0","Plan to watch","Public",NULL,NULL,NULL,"0","2014-01-17 02:35:36","2014-01-17 02:35:36","71105"
"563","69","106","Fairy Tail","1","Watching","Public",NULL,NULL,NULL,"0","2014-01-17 02:35:42","2014-01-17 02:35:42","71106"
"564","69","263","Full Metal Panic!","24","Completed","Public",NULL,NULL,NULL,"0","2014-01-17 02:36:10","2014-01-17 02:36:10","71108"
"565","69","264","Full Metal Panic! The Second Raid","13","Completed","Public",NULL,NULL,NULL,"0","2014-01-17 02:36:14","2014-01-17 02:36:14","71110"
"566","69","265","Full Metal Panic? Fumoffu","12","Completed","Public",NULL,NULL,NULL,"0","2014-01-17 02:36:19","2014-01-17 02:36:19","71111"
"567","11","85","Itazura na Kiss","1","Watching","Public",NULL,NULL,NULL,"0","2014-01-18 07:09:42","2014-01-18 07:09:42","71141"
"568","70","557","Go! Go! 575","2","Completed","Public",NULL,NULL,NULL,"0","2014-01-18 09:09:53","2014-01-18 09:09:53","71144"
"569","70","66994","Ano Hi Mita Hana no Namae wo Bokutachi wa Mada Shiranai","11","Completed","Public","High",NULL,NULL,"0","2014-01-18 09:18:23","2014-01-18 09:18:23","71146"
"570","70","149","Another","12","Completed","Public","Medium",NULL,NULL,"0","2014-01-18 09:21:05","2014-01-18 09:21:05","71147"
"571","1378","135","Baccano!","6","Completed","Public",NULL,NULL,NULL,"0","2014-01-18 09:28:00","2014-01-18 09:28:00","71148"
"572","1432","538","Hamatora The Animation","1","Completed","Public",NULL,NULL,NULL,"0","2014-01-18 16:50:15","2014-01-18 16:50:15","71181"
"573","70","142","Ano Hi Mita Hana no Namae wo Bokutachi wa Mada Shiranai","2","Completed","Public",NULL,NULL,NULL,"0","2014-01-18 16:52:47","2014-01-18 16:52:47","71184"
"574","70","511","Chuunibyou demo Koi ga Shitai! Ren Lite","2","Completed","Public",NULL,NULL,NULL,"0","2014-01-18 17:15:41","2014-01-18 17:15:41","71190"
"575","1","390","Avatar: The Legend of Korra Book 2: Spirits","14","Completed","Public","Medium","8",NULL,"0","2014-01-19 06:45:39","2014-01-19 06:45:39","71245"
"576","1433","167","Tsuritama","2",,"Public",NULL,NULL,NULL,"0","2014-01-19 09:07:24","2014-01-19 09:07:24","71246"
"577","45","2","One Piece","630",,"Public",NULL,NULL,NULL,"0","2014-01-19 11:18:15","2014-01-19 11:18:15","71247"
"578","69","505","Shingeki no Kyojin: Ilse no Techou","1",,"Public",NULL,NULL,NULL,"0","2014-01-20 00:58:42","2014-01-20 00:58:42","71278"
"579","69","103","Fooly Cooly","6",,"Public",NULL,NULL,NULL,"0","2014-01-20 01:00:57","2014-01-20 01:00:57","71279"
"580","664","391","Pandora Hearts","0",,"Public",NULL,"7",NULL,"0","2014-01-20 06:00:34","2014-01-20 06:00:34","71281"
"581","9","110","Durarara!!","4",,"Public",NULL,NULL,NULL,"0","2014-01-20 20:57:17","2014-01-20 20:57:17","71322"
"582","70","438","Yowamushi Pedal","14",,"Public",NULL,NULL,NULL,"0","2014-01-21 22:34:37","2014-01-21 22:34:37","71339"
"583","18","432","Log Horizon","14","Completed","Public",NULL,NULL,NULL,"0","2014-01-22 04:43:42","2014-01-22 04:43:42","71342"
"584","18","89","High School DxD","1",,"Public",NULL,NULL,NULL,"0","2014-01-22 04:46:19","2014-01-22 04:46:19","71343"
"585","9","535","Super Sonico The Animation","3",,"Public",NULL,NULL,NULL,"0","2014-01-22 20:15:03","2014-01-22 20:15:03","71345"
"586","70","382","Tokyo Ravens","15",,"Public",NULL,NULL,NULL,"0","2014-01-23 07:57:08","2014-01-23 07:57:08","71434"
"587","70","505","Shingeki no Kyojin: Ilse no Techou","1",,"Public",NULL,NULL,NULL,"0","2014-01-23 08:06:45","2014-01-23 08:06:45","71454"
"588","70","255","Shingeki no Kyojin","25",,"Public","High",NULL,NULL,"0","2014-01-23 08:07:11","2014-01-23 08:07:11","71455"
"589","70","162","Angel Beats!","13",,"Public","Medium",NULL,NULL,"0","2014-01-23 08:13:44","2014-01-23 08:13:44","71457"
"590","18","390","Avatar: The Legend of Korra Book 2: Spirits","14",,"Public",NULL,"7",NULL,"0","2014-01-24 04:31:36","2014-01-24 04:31:36","71468"
"591","70","428","Nagi no Asukara","14",,"Public",NULL,NULL,NULL,"0","2014-01-24 11:35:52","2014-01-24 11:35:52","71554"
"592","1443","261","Yahari Ore no Seishun Love Come wa Machigatteiru.","3",,"Public",NULL,NULL,NULL,"0","2014-01-25 03:25:36","2014-01-25 03:25:36","71561"
"593","9","464","Samurai Flamenco","1","Completed","Public",NULL,NULL,NULL,"0","2014-01-26 04:07:28","2014-01-26 04:07:28","71599"
"594","9","159","Ga-Rei: Zero","1",,"Public",NULL,NULL,NULL,"0","2014-01-27 00:00:47","2014-01-27 00:00:47","71653"
"595","20","496","Arcana Famiglia","1",,"Public",NULL,NULL,NULL,"0","2014-01-29 02:28:06","2014-01-29 02:28:06","71743"
"596","20","252","Ginga Kikoutai Majestic Prince","18","Watching","Public",NULL,NULL,NULL,"0","2014-01-29 02:31:20","2014-01-29 02:31:20","71744"
"597","9","382","Tokyo Ravens","3",,"Public",NULL,NULL,NULL,"0","2014-01-30 21:54:18","2014-01-30 21:54:18","71763"
"598","9","221","Psycho &#8211; Pass","4",,"Public",NULL,NULL,NULL,"0","2014-01-31 20:12:44","2014-01-31 20:12:44","71764"
"599","45","46","Naruto Shippuden","354",,"Public",NULL,NULL,NULL,"0","2014-02-02 13:06:48","2014-02-02 13:06:48","71766"
"600","9","496","Arcana Famiglia","12",,"Public",NULL,NULL,NULL,"0","2014-02-02 20:37:26","2014-02-02 20:37:26","71767"
"601","20","275","Hentai Ouji to Warawanai Neko.","6","Completed","Public",NULL,NULL,NULL,"0","2014-02-05 13:40:45","2014-02-05 13:40:45","71768"
"602","9","523","Arcana Famiglia: Capriccio &#8211; stile Arcana Famiglia","1","Completed","Public",NULL,NULL,NULL,"0","2014-02-05 18:53:20","2014-02-05 18:53:20","71769"
"603","9","383","IS: Infinite Stratos 2","12","Completed","Public",NULL,NULL,NULL,"0","2014-02-05 19:20:16","2014-02-05 19:20:16","71770"
"604","70","551","Inari, Konkon, Koi Iroha","1","Completed","Public",NULL,NULL,NULL,"0","2014-02-10 05:42:52","2014-02-10 05:42:52","71774"
"605","72","300",".hack//Sign","10","Completed","Public",NULL,NULL,NULL,"0","2014-02-12 00:11:13","2014-02-12 00:11:13","71776"
"606","20","122","Code Geass","16","Watching","Public",NULL,NULL,NULL,"0","2014-02-19 21:04:43","2014-02-19 21:04:43","71835"
"607","9","553","Nisekoi","3","Completed","Public",NULL,NULL,NULL,"0","2014-02-23 00:40:56","2014-02-23 00:40:56","71836"
"608","2","209","Hyakka Ryouran: Samurai Girls","1","Completed","Public",NULL,NULL,NULL,"0","2014-02-23 02:14:45","2014-02-23 02:14:45","71837"
"609","907","430","Strike the Blood","12","Completed","Public",NULL,NULL,NULL,"0","2014-02-23 18:18:44","2014-02-23 18:18:44","71838"
"610","1476","479","Agent Aika","1","Completed","Public",NULL,NULL,NULL,"0","2014-02-23 22:32:23","2014-02-23 22:32:23","71839"
"611","1476","240","07-Ghost","1","Completed","Public",NULL,NULL,NULL,"0","2014-02-23 23:18:16","2014-02-23 23:18:16","71840"
"612","11","430","Strike the Blood","9","Completed","Public",NULL,NULL,NULL,"0","2014-02-27 08:43:41","2014-02-27 08:43:41","71841"
"613","74","46","Naruto Shippuden","352","Completed","Public",NULL,NULL,NULL,"0","2014-02-28 23:30:38","2014-02-28 23:30:38","71846"
"614","56","427","Golden Time","20","Completed","Public",NULL,NULL,NULL,"0","2014-03-01 00:25:30","2014-03-01 00:25:30","71856"
"615","1","430","Strike the Blood","1","Completed","Public",NULL,NULL,NULL,"0","2014-03-01 00:27:58","2014-03-01 00:27:58","71857"
"616","74","116","Death Note","2","Completed","Public",NULL,NULL,NULL,"0","2014-03-01 04:19:30","2014-03-01 04:19:30","71879"
"617","56","432","Log Horizon","22","Completed","Public",NULL,NULL,NULL,"0","2014-03-01 16:46:01","2014-03-01 16:46:01","71958"
"618","1227","426","Kill la Kill","0","Completed","Public",NULL,NULL,NULL,"0","2014-03-02 03:15:12","2014-03-02 03:15:12","72008"
"619","1488","544","Mahou Sensou","4","Completed","Public",NULL,NULL,NULL,"0","2014-03-02 22:35:17","2014-03-02 22:35:17","72058"
"620","1476","432","Log Horizon","20","Completed","Public",NULL,NULL,NULL,"0","2014-03-02 23:53:37","2014-03-02 23:53:37","72059"
"621","74","205","Sword Art Online","5","Completed","Public",NULL,NULL,NULL,"0","2014-03-03 21:12:21","2014-03-03 21:12:21","72060"
"622","1498","46","Naruto Shippuden","352","Completed","Public",NULL,NULL,NULL,"0","2014-03-05 10:31:02","2014-03-05 10:31:02","72061"
"623","3","382","Tokyo Ravens","10","Completed","Public",NULL,NULL,NULL,"0","2014-03-11 16:10:52","2014-03-11 16:10:52","72135"
"624","69","92","Guilty Crown","1","Completed","Public",NULL,NULL,NULL,"0","2014-03-18 00:34:59","2014-03-18 00:34:59","72145"
"625","1530","546","Sakura Trick","2","Completed","Public",NULL,NULL,NULL,"0","2014-03-20 09:36:14","2014-03-20 09:36:14","72146"
"626","1530","79","Kanokon","1","Completed","Public",NULL,NULL,NULL,"0","2014-03-20 09:59:10","2014-03-20 09:59:10","72147"
"627","1530","518","Machine-Doll wa Kizutsukanai Specials","1","Completed","Public",NULL,NULL,NULL,"0","2014-03-20 10:02:06","2014-03-20 10:02:06","72148"
"628","1530","333","Rescue Me!","1","Completed","Public",NULL,NULL,NULL,"0","2014-03-20 10:08:40","2014-03-20 10:08:40","72149"
"629","690","432","Log Horizon","21","Completed","Public",NULL,NULL,NULL,"0","2014-03-21 20:37:00","2014-03-21 20:37:00","72150"
"630","11","209","Hyakka Ryouran: Samurai Girls","0","Completed","Public",NULL,NULL,NULL,"0","2014-03-22 08:09:52","2014-03-22 08:09:52","72151"
"631","78","529","Noragami","0","Plan to watch","Public",NULL,NULL,NULL,"0","2014-03-25 15:50:07","2014-03-25 15:50:07","72159"
"632","78","427","Golden Time","1","Watching","Public",NULL,NULL,NULL,"0","2014-03-25 15:53:02","2014-03-25 15:53:02","72160"
"633","78","430","Strike the Blood","1","Watching","Public",NULL,NULL,NULL,"0","2014-03-25 15:53:27","2014-03-25 15:53:27","72161"
"634","78","216","Zetsuen no Tempest","24","Completed","Public",NULL,NULL,NULL,"0","2014-03-25 15:54:04","2014-03-25 15:54:04","72162"
"635","1536","45","Naruto","60","Watching","Public",NULL,NULL,NULL,"0","2014-03-27 02:47:49","2014-03-27 02:47:49","72163"
"636","9","521","Witch Craft Works","1","Watching","Public",NULL,NULL,NULL,"0","2014-03-29 23:46:10","2014-03-29 23:46:10","72164"
"637","45","55","Mitsudomoe","4","Watching","Public",NULL,NULL,NULL,"0","2014-03-30 16:08:57","2014-03-30 16:08:57","72180"
"638","79","343","Soul Eater","9","Watching","Public",NULL,NULL,NULL,"0","2014-03-30 20:05:45","2014-03-30 20:05:45","72181"
"639","71","309","Kamisama no Inai Nichiyoubi","1","Watching","Public",NULL,NULL,NULL,"0","2014-04-05 06:53:14","2014-04-05 06:53:14","72201"
"640","80","224","Blood+","1","Watching","Public",NULL,NULL,NULL,"0","2014-04-07 17:26:29","2014-04-07 17:26:29","72207"
"641","61","502","Shirokuma Cafe","7","Watching","Public",NULL,NULL,NULL,"0","2014-04-10 02:11:32","2014-04-10 02:11:32","72208"
"642","61","430","Strike the Blood","1","Watching","Public",NULL,NULL,NULL,"0","2014-04-10 02:13:40","2014-04-10 02:13:40","72209"
"643","84","536","D-Frag!","10","Watching","Public",NULL,NULL,NULL,"0","2014-04-11 17:33:06","2014-04-11 17:33:06","72210"
"644","88","432","Log Horizon","24","Watching","Public","High",NULL,NULL,"0","2014-04-12 17:04:09","2014-04-12 17:04:09","72211"
"645","88","382","Tokyo Ravens","24","Watching","Public",NULL,NULL,NULL,"0","2014-04-13 16:47:26","2014-04-13 16:47:26","72213"
"646","88","45","Naruto","220","Completed","Public",NULL,NULL,NULL,"0","2014-04-15 23:38:18","2014-04-15 23:38:18","72214"
"647","88","46","Naruto Shippuden","355","Watching","Public",NULL,NULL,NULL,"0","2014-04-15 23:40:02","2014-04-15 23:40:02","72215"
"648","88","205","Sword Art Online","25","Completed","Public",NULL,NULL,NULL,"0","2014-04-15 23:42:20","2014-04-15 23:42:20","72216"
"649","88","377","Accel World","1","Watching","Public",NULL,NULL,NULL,"0","2014-04-16 08:58:20","2014-04-16 08:58:20","72217"
"650","88","522","Buddy Complex","10","Watching","Public",NULL,NULL,NULL,"0","2014-04-16 16:41:05","2014-04-16 16:41:05","72218"
"651","88","312","High School DxD New","12","Completed","Public",NULL,NULL,NULL,"0","2014-04-18 11:36:51","2014-04-18 11:36:51","72219"
"652","116","486","Fairy Tail: Houou no Miko","1","On hold","Public",NULL,NULL,NULL,"0","2014-04-21 17:01:48","2014-04-21 17:01:48","72220"
"653","116","106","Fairy Tail","23","Watching","Public",NULL,NULL,NULL,"0","2014-04-21 17:02:37","2014-04-21 17:02:37","72221"
"654","88","553","Nisekoi","1","Watching","Public",NULL,NULL,NULL,"0","2014-04-21 20:07:50","2014-04-21 20:07:50","72222"
"655","88","221","Psycho &#8211; Pass","1","Watching","Public",NULL,NULL,NULL,"0","2014-04-21 20:24:48","2014-04-21 20:24:48","72223"
"656","23","506","Steins;Gate: Fuka Ryouiki no Déjà vu","1","Watching","Public",NULL,NULL,NULL,"0","2014-04-23 00:41:36","2014-04-23 00:41:36","72224"
"657","20","43","Neon Genesis Evangelion","4","Watching","Public",NULL,NULL,NULL,"0","2014-04-23 13:30:40","2014-04-23 13:30:40","72225"
"658","23","522","Buddy Complex","10","Watching","Public",NULL,NULL,NULL,"0","2014-04-23 23:40:10","2014-04-23 23:40:10","72226"
"659","124","46","Naruto Shippuden","75","Watching","Public",NULL,NULL,NULL,"0","2014-04-25 00:29:31","2014-04-25 00:29:31","72227"
"660","131","553","Nisekoi","4","Watching","Public",NULL,NULL,NULL,"0","2014-05-05 07:23:11","2014-05-05 07:23:11","72231"
"661","131","106","Fairy Tail","164","Watching","Public",NULL,NULL,NULL,"0","2014-05-05 07:24:11","2014-05-05 07:24:11","72232"
"662","131","143","Ano Natsu de Matteru","1","Watching","Public",NULL,NULL,NULL,"0","2014-05-05 07:26:35","2014-05-05 07:26:35","72233"
"663","131","511","Chuunibyou demo Koi ga Shitai! Ren Lite","1","Watching","Public",NULL,NULL,NULL,"0","2014-05-05 07:32:29","2014-05-05 07:32:29","72234"
"664","907","149","Another","2","Watching","Public",NULL,NULL,NULL,"0","2014-05-16 13:49:24","2014-05-16 13:49:24","72237"
"665","907","437","Aoki Hagane no Arpeggio: Ars Nova","1","Watching","Public",NULL,NULL,NULL,"0","2014-05-16 14:04:39","2014-05-16 14:04:39","72238"
"666","144","122","Code Geass","1","Watching","Public",NULL,NULL,NULL,"0","2014-05-19 01:43:11","2014-05-19 01:43:11","72239"
"667","147","205","Sword Art Online","5","Watching","Public",NULL,NULL,NULL,"0","2014-05-21 15:43:31","2014-05-21 15:43:31","72240"
"668","54","93","Gosick","21","Watching","Public",NULL,NULL,NULL,"0","2014-05-23 01:20:24","2014-05-23 01:20:24","72241"
"669","20","522","Buddy Complex","10","Watching","Public",NULL,NULL,NULL,"0","2014-05-30 13:03:56","2014-05-30 13:03:56","72243"
"670","20","440","Yozakura Quartet: Hana no Uta","10","Watching","Public",NULL,NULL,NULL,"0","2014-05-31 08:16:52","2014-05-31 08:16:52","72244"
"671","20","534","Toaru Hikuushi e no Koiuta","10","Watching","Public",NULL,NULL,NULL,"0","2014-05-31 09:23:25","2014-05-31 09:23:25","72245"
"672","152","106","Fairy Tail","1","Watching","Public",NULL,NULL,NULL,"0","2014-06-02 12:20:11","2014-06-02 12:20:11","72246"
"673","20","49","Mobile Suit Gundam Seed","4","Watching","Public",NULL,NULL,NULL,"0","2014-06-05 17:31:09","2014-06-05 17:31:09","72247"
"674","173","106","Fairy Tail","175","Watching","Public",NULL,NULL,NULL,"0","2014-06-15 13:59:41","2014-06-15 13:59:41","72248"
"675","3","385","Magi: The Kingdom of Magic","1","Watching","Public",NULL,NULL,NULL,"0","2014-06-17 15:33:24","2014-06-17 15:33:24","72278"
"676","16","565","Isshuukan Friends","1","Watching","Public",NULL,NULL,NULL,"0","2014-06-17 16:14:16","2014-06-17 16:14:16","72301"
"677","179","42","Ore no Imouto ga Konnani Kawaii Wake ga Nai","12","Completed","Public",NULL,NULL,NULL,"0","2014-06-17 20:00:50","2014-06-17 20:00:50","72302"
"678","20","176","Sora no Woto","1","Watching","Public",NULL,NULL,NULL,"0","2014-06-19 14:51:07","2014-06-19 14:51:07","72303"
"679","1","240","07-Ghost","25","Completed","Public","High","9",NULL,"0","2014-06-21 21:08:25","2014-06-21 21:08:25","72305"
"680","179","116","Death Note","1","Watching","Public",NULL,NULL,NULL,"0","2014-06-23 19:46:41","2014-06-23 19:46:41","72307"
"681","179","260","Ore no Imouto ga Konnani Kawaii Wake ga Nai Season 2","1","Watching","Public",NULL,NULL,NULL,"0","2014-06-23 22:28:01","2014-06-23 22:28:01","72308"
"682","49","538","Hamatora The Animation","0","Plan to watch","Public",NULL,NULL,NULL,"0","2014-06-30 10:56:18","2014-06-30 10:56:18","72312"
"683","1","521","Witch Craft Works","12","Completed","Public",NULL,"9","asdf","0","2014-07-01 05:05:06","2014-07-01 05:05:06","72328"
"684","3","566","Black Bullet","1","Watching","Public",NULL,NULL,NULL,"0","2014-07-01 05:22:27","2014-07-01 05:22:27","72372"
"685","195","521","Witch Craft Works","11","Watching","Public",NULL,NULL,NULL,"0","2014-07-01 05:23:16","2014-07-01 05:23:16","72373"
"686","3","567","No Game No Life","1","Watching","Public",NULL,NULL,NULL,"0","2014-07-01 05:40:21","2014-07-01 05:40:21","72437"
"687","195","382","Tokyo Ravens","23","Watching","Public",NULL,NULL,NULL,"0","2014-07-01 06:06:25","2014-07-01 06:06:25","72441"
"688","199","162","Angel Beats!","13","Completed","Public",NULL,NULL,NULL,"0","2014-07-01 18:20:38","2014-07-01 18:20:38","72741"
"689","200","141","Ao No Exorcist","1","Watching","Public",NULL,NULL,NULL,"0","2014-07-01 18:35:04","2014-07-01 18:35:04","72746"
"690","1","574","Gokukoku no Brynhildr","0","Plan to watch","Public",NULL,NULL,NULL,"0","2014-07-01 22:45:15","2014-07-01 22:45:15","72947"
"691","3","572","Date A Live II","2","Watching","Public",NULL,NULL,NULL,"0","2014-07-01 23:55:46","2014-07-01 23:55:46","73014"
"692","3","573","Mekakucity Actors","10","Watching","Public",NULL,NULL,NULL,"0","2014-07-02 00:00:31","2014-07-02 00:00:31","73019"
"693","195","576","Haikyuu!!","3","Watching","Public",NULL,NULL,NULL,"0","2014-07-04 04:44:36","2014-07-04 04:44:36","73561"
"694","1","599","Sword Art Online II","24","Watching","Private","Medium","7","We're going to put stuff here too right?","0","2014-07-05 01:51:46","2014-07-05 01:51:46","73623"
